id;data_inversa;dia_semana;horario;uf;br;km;municipio;causa_acidente;tipo_acidente;classificacao_acidente;fase_dia;sentido_via;condicao_metereologica;tipo_pista;tracado_via;uso_solo;pessoas;veiculos
83441457;2016-02-22;Segunda;18:50:00;SP;116;158.0;SAO JOSE DOS CAMPOS;Outras;Colisão traseira;Com Vítimas Feridas;Plena noite;Crescente;Nublado;Dupla;Reta;Rural;2;2
83441465;2016-02-20;Sábado;23:20:00;SP;116;174.0;JACAREI;Outras;Colisão com objeto fixo;Sem Vítimas;Plena noite;Decrescente;Chuva;Dupla;Reta;Rural;1;1
83441508;2016-02-22;Segunda;18:15:00;SP;116;227.0;SAO PAULO;Falta de atenção;Colisão lateral;Com Vítimas Feridas;Anoitecer;Decrescente;Nublado;Múltipla;Reta;Urbano;2;2
83441510;2016-02-18;Quinta;16:00:00;SP;116;188.0;SAO JOSE DOS CAMPOS;Outras;Saída de Pista;Sem Vítimas;Pleno dia;Crescente;Chuva;Dupla;Reta;Rural;1;1
83441526;2016-02-19;Sexta;10:00:00;SP;116;112.0;TAUBATE;Não guardar distância de segurança;Colisão lateral;Sem Vítimas;Pleno dia;Crescente;Sol;Dupla;Reta;Urbano;2;2
83441710;2016-02-17;Quarta;13:45:00;SP;116;145.0;SAO JOSE DOS CAMPOS;Defeito mecânico em veículo;Incêndio;Sem Vítimas;Pleno dia;Crescente;Sol;Dupla;Reta;Urbano;1;1
83441715;2016-02-23;Terça;08:50:00;SP;116;219.0;GUARULHOS;Outras;Colisão traseira;Com Vítimas Feridas;Pleno dia;Crescente;Sol;Múltipla;Reta;Urbano;3;2
83441725;2016-02-19;Sexta;15:45:00;SP;116;229.0;SAO PAULO;Outras;Colisão lateral;Com Vítimas Feridas;Pleno dia;Crescente;Nublado;Múltipla;Reta;Urbano;3;3
83441813;2016-02-23;Terça;21:00:00;SP;116;180.7;GUARAREMA;Falta de atenção;Saída de Pista;Sem Vítimas;Plena noite;Crescente;Chuva;Dupla;Reta;Urbano;1;1
83441895;2016-02-20;Sábado;18:40:00;SP;116;227.0;GUARULHOS;Defeito na via;Queda de motocicleta / bicicleta / veículo;Com Vítimas Feridas;Anoitecer;Decrescente;Chuva;Múltipla;Curva;Urbano;1;1
83441908;2016-02-21;Domingo;01:20:00;SP;116;227.0;GUARULHOS;Velocidade incompatível;Colisão com objeto fixo;Com Vítimas Feridas;Plena noite;Crescente;Chuva;Múltipla;Reta;Urbano;2;1
83441944;2016-02-20;Sábado;22:13:00;SP;116;150.0;SAO JOSE DOS CAMPOS;Velocidade incompatível;Capotamento;Com Vítimas Feridas;Plena noite;Crescente;Chuva;Dupla;Reta;Urbano;2;1
83441951;2016-02-21;Domingo;06:30:00;SP;116;212.0;GUARULHOS;Ingestão de álcool;Colisão traseira;Sem Vítimas;Amanhecer;Decrescente;Ceu Claro;Múltipla;Reta;Urbano;2;2
83441978;2016-02-21;Domingo;05:15:00;SP;116;228.0;SAO PAULO;Velocidade incompatível;Colisão com objeto fixo;Sem Vítimas;Amanhecer;Decrescente;Ceu Claro;Múltipla;Reta;Urbano;2;2
83441979;2016-02-24;Quarta;07:40:00;SP;116;211.8;GUARULHOS;Não guardar distância de segurança;Colisão traseira;Com Vítimas Feridas;Pleno dia;Crescente;Sol;Múltipla;Reta;Urbano;3;2
83442184;2016-02-22;Segunda;06:25:00;SP;116;135.7;SAO JOSE DOS CAMPOS;Outras;Capotamento;Sem Vítimas;Amanhecer;Crescente;Nublado;Dupla;Reta;Urbano;1;1
83442283;2016-02-21;Domingo;10:00:00;SP;116;184.0;SANTA ISABEL;Outras;Queda de motocicleta / bicicleta / veículo;Com Vítimas Fatais;Pleno dia;Crescente;Ceu Claro;Dupla;Reta;Rural;2;2
83442306;2016-02-24;Quarta;18:30:00;SP;116;156.0;SAO JOSE DOS CAMPOS;Falta de atenção;Colisão traseira;Sem Vítimas;Anoitecer;Decrescente;Chuva;Múltipla;Reta;Urbano;6;6
83442337;2016-02-25;Quinta;08:47:00;SP;116;229.0;SAO PAULO;Falta de atenção;Colisão com objeto fixo;Ignorado;Pleno dia;Crescente;Ceu Claro;Dupla;Reta;Urbano;1;1
83442351;2016-02-22;Segunda;15:30:00;SP;116;165.0;SAO JOSE DOS CAMPOS;Outras;Colisão traseira;Sem Vítimas;Pleno dia;Crescente;Nublado;Dupla;Reta;Rural;2;2
83442391;2016-02-22;Segunda;07:10:00;SP;116;229.0;SAO PAULO;Não guardar distância de segurança;Queda de motocicleta / bicicleta / veículo;Com Vítimas Feridas;Amanhecer;Crescente;Sol;Múltipla;Reta;Urbano;2;2
83442548;2016-02-25;Quinta;12:10:00;SP;116;155.8;SAO JOSE DOS CAMPOS;Falta de atenção;Colisão traseira;Sem Vítimas;Pleno dia;Crescente;Ceu Claro;Múltipla;Reta;Rural;2;2
83442571;2016-02-26;Sexta;12:45:00;SP;116;192.3;SANTA ISABEL;Outras;Tombamento;Com Vítimas Feridas;Pleno dia;Crescente;Ceu Claro;Dupla;Curva;Rural;1;1
83442602;2016-02-26;Sexta;15:50:00;SP;116;145.0;SAO JOSE DOS CAMPOS;Não guardar distância de segurança;Colisão traseira;Com Vítimas Feridas;Pleno dia;Crescente;Nublado;Dupla;Reta;Urbano;4;3
83442661;2016-02-24;Quarta;05:40:00;SP;116;124.4;CACAPAVA;Dormindo;Tombamento;Sem Vítimas;Amanhecer;Decrescente;Ceu Claro;Dupla;Reta;Urbano;1;1
83442673;2016-02-26;Sexta;20:45:00;SP;116;151.0;SAO JOSE DOS CAMPOS;Outras;Capotamento;Ignorado;Plena noite;Crescente;Nevoeiro/neblina;Dupla;Reta;Rural;1;1
83442707;2016-02-27;Sábado;01:00:00;SP;116;222.2;GUARULHOS;Defeito mecânico em veículo;Colisão traseira;Sem Vítimas;Plena noite;Decrescente;Nublado;Múltipla;Reta;Urbano;2;2
83442733;2016-02-26;Sexta;18:00:00;SP;116;227.6;SAO PAULO;Falta de atenção;Colisão lateral;Com Vítimas Feridas;Pleno dia;Decrescente;Ceu Claro;Múltipla;Reta;Urbano;2;2
83442800;2016-02-27;Sábado;11:20:00;SP;116;120.8;CACAPAVA;Defeito mecânico em veículo;Queda de motocicleta / bicicleta / veículo;Com Vítimas Feridas;Pleno dia;Decrescente;Nublado;Dupla;Reta;Urbano;2;1
83442835;2016-02-26;Sexta;23:00:00;SP;116;219.0;GUARULHOS;Defeito mecânico em veículo;Queda de motocicleta / bicicleta / veículo;Com Vítimas Feridas;Plena noite;Decrescente;Nublado;Múltipla;Reta;Urbano;2;2
83443018;2016-02-24;Quarta;19:00:00;SP;116;221.0;GUARULHOS;Não guardar distância de segurança;Colisão lateral;Sem Vítimas;Plena noite;Crescente;Chuva;Múltipla;Reta;Urbano;2;2
83443058;2016-02-24;Quarta;21:00:00;SP;116;228.0;SAO PAULO;Velocidade incompatível;Colisão lateral;Com Vítimas Feridas;Plena noite;Decrescente;Chuva;Múltipla;Reta;Urbano;2;2
83443098;2016-02-28;Domingo;12:35:00;SP;116;187.0;SANTA ISABEL;Outras;Saída de Pista;Com Vítimas Feridas;Pleno dia;Decrescente;Ceu Claro;Dupla;Curva;Rural;1;1
83443309;2016-02-29;Segunda;10:30:00;SP;116;227.0;GUARULHOS;Outras;Colisão lateral;Sem Vítimas;Pleno dia;Decrescente;Nublado;Múltipla;Reta;Urbano;2;2
83443314;2016-02-25;Quinta;21:00:00;SP;116;228.0;SAO PAULO;Não guardar distância de segurança;Colisão traseira;Com Vítimas Feridas;Plena noite;Decrescente;Nublado;Múltipla;Reta;Urbano;3;3
83443498;2016-02-29;Segunda;18:25:00;SP;116;218.0;GUARULHOS;Não guardar distância de segurança;Colisão lateral;Com Vítimas Feridas;Anoitecer;Decrescente;Nublado;Múltipla;Reta;Urbano;2;2
83443539;2016-02-27;Sábado;00:20:00;SP;116;152.0;SAO JOSE DOS CAMPOS;Outras;Colisão traseira;Sem Vítimas;Plena noite;Crescente;Nublado;Dupla;Reta;Urbano;3;2
83443649;2016-03-01;Terça;06:30:00;SP;116;194.0;SANTA ISABEL;Falta de atenção;Colisão traseira;Sem Vítimas;Amanhecer;Crescente;Chuva;Dupla;Reta;Rural;2;2
83443695;2016-02-28;Domingo;01:30:00;SP;116;146.0;SAO JOSE DOS CAMPOS;Outras;Colisão traseira;Com Vítimas Fatais;Plena noite;Crescente;Nublado;Múltipla;Reta;Urbano;5;5
83443786;2016-03-01;Terça;06:45:00;SP;116;213.0;GUARULHOS;Velocidade incompatível;Colisão lateral;Com Vítimas Feridas;Pleno dia;Crescente;Chuva;Múltipla;Reta;Urbano;2;2
83443890;2016-02-23;Terça;09:00:00;SP;116;213.8;GUARULHOS;Outras;Colisão com objeto fixo;Ignorado;Amanhecer;Crescente;Nublado;Múltipla;Reta;Urbano;1;1
83443906;2016-02-28;Domingo;22:00:00;SP;116;202.0;ARUJA;Velocidade incompatível;Colisão com objeto fixo;Com Vítimas Feridas;Plena noite;Crescente;Chuva;Dupla;Cruzamento;Urbano;12;6
83443912;2016-03-01;Terça;17:20:00;SP;116;147.4;SAO JOSE DOS CAMPOS;Não guardar distância de segurança;Colisão traseira;Sem Vítimas;Pleno dia;Decrescente;Chuva;Múltipla;Reta;Urbano;4;4
83443941;2016-02-24;Quarta;19:00:00;SP;116;221.0;GUARULHOS;Não guardar distância de segurança;Colisão lateral;Com Vítimas Feridas;Pleno dia;Crescente;Nublado;Múltipla;Reta;Urbano;2;2
83443945;2016-03-02;Quarta;08:10:00;SP;116;212.1;GUARULHOS;Falta de atenção;Colisão lateral;Com Vítimas Feridas;Pleno dia;Decrescente;Nublado;Múltipla;Reta;Urbano;2;2
83443952;2016-02-28;Domingo;04:45:00;SP;116;137.3;SAO JOSE DOS CAMPOS;Falta de atenção;Colisão traseira;Sem Vítimas;Plena noite;Decrescente;Nublado;Dupla;Reta;Urbano;8;3
83444004;2016-03-02;Quarta;08:00:00;SP;116;154.0;SAO JOSE DOS CAMPOS;Falta de atenção;Colisão lateral;Com Vítimas Feridas;Pleno dia;Decrescente;Nublado;Simples;Reta;Urbano;2;2
83444026;2016-02-29;Segunda;17:20:00;SP;116;145.0;SAO JOSE DOS CAMPOS;Falta de atenção;Colisão lateral;Com Vítimas Feridas;Pleno dia;Decrescente;Nublado;Simples;Reta;Urbano;2;2
83444038;2016-03-02;Quarta;15:40:00;SP;116;103.0;TAUBATE;Defeito mecânico em veículo;Queda de motocicleta / bicicleta / veículo;Com Vítimas Feridas;Pleno dia;Decrescente;Nublado;Dupla;Reta;Rural;1;1
83444041;2016-03-02;Quarta;16:13:00;SP;116;226.4;GUARULHOS;Falta de atenção;Colisão lateral;Com Vítimas Feridas;Pleno dia;Decrescente;Chuva;Múltipla;Reta;Urbano;2;2
83444111;2016-03-02;Quarta;18:50:00;SP;116;155.0;SAO JOSE DOS CAMPOS;Falta de atenção;Colisão traseira;Com Vítimas Feridas;Plena noite;Crescente;Nublado;Dupla;Reta;Urbano;4;2
83444263;2016-02-24;Quarta;18:15:00;SP;116;155.0;SAO JOSE DOS CAMPOS;Não guardar distância de segurança;Colisão traseira;Sem Vítimas;Anoitecer;Crescente;Chuva;Múltipla;Reta;Urbano;4;4
83444350;2016-02-29;Segunda;04:10:00;SP;116;129.8;CACAPAVA;Falta de atenção;Colisão com objeto fixo;Sem Vítimas;Amanhecer;Crescente;Chuva;Dupla;Reta;Urbano;1;1
83444394;2016-03-02;Quarta;06:50:00;SP;116;209.0;GUARULHOS;Não guardar distância de segurança;Colisão lateral;Com Vítimas Feridas;Amanhecer;Crescente;Chuva;Dupla;Reta;Urbano;3;3
83444412;2016-02-28;Domingo;23:15:00;SP;116;208.0;GUARULHOS;Velocidade incompatível;Colisão com objeto fixo;Com Vítimas Feridas;Plena noite;Crescente;Chuva;Múltipla;Reta;Urbano;2;1
83444466;2016-02-29;Segunda;03:50:00;SP;116;134.5;SAO JOSE DOS CAMPOS;Outras;Colisão traseira;Com Vítimas Feridas;Plena noite;Crescente;Chuva;Dupla;Reta;Rural;2;2
83444494;2016-03-04;Sexta;07:10:00;SP;116;144.0;SAO JOSE DOS CAMPOS;Falta de atenção;Colisão traseira;Sem Vítimas;Pleno dia;Crescente;Sol;Dupla;Reta;Urbano;2;2
83444563;2016-03-01;Terça;06:00:00;SP;116;187.8;SANTA ISABEL;Animais na Pista;Saída de Pista;Com Vítimas Feridas;Amanhecer;Crescente;Chuva;Dupla;Reta;Rural;1;1
83444628;2016-03-02;Quarta;03:20:00;SP;116;106.8;TAUBATE;Dormindo;Saída de Pista;Sem Vítimas;Plena noite;Decrescente;Nublado;Dupla;Reta;Urbano;1;1
83444875;2016-03-02;Quarta;05:30:00;SP;116;177.0;GUARAREMA;Não guardar distância de segurança;Colisão traseira;Com Vítimas Feridas;Amanhecer;Crescente;Nublado;Dupla;Reta;Rural;5;5
83444932;2016-03-05;Sábado;17:20:00;SP;116;105.4;TAUBATE;Outras;Capotamento;Com Vítimas Feridas;Pleno dia;Decrescente;Chuva;Dupla;Reta;Rural;2;1
83445037;2016-03-05;Sábado;12:45:00;SP;116;190.0;SANTA ISABEL;Outras;Queda de motocicleta / bicicleta / veículo;Com Vítimas Feridas;Pleno dia;Crescente;Sol;Dupla;Curva;Rural;1;1
83445052;2016-03-03;Quinta;07:30:00;SP;116;172.2;JACAREI;Falta de atenção;Colisão com objeto fixo;Sem Vítimas;Pleno dia;Crescente;Chuva;Dupla;Reta;Urbano;1;1
83445064;2016-03-02;Quarta;15:30:00;SP;116;212.0;GUARULHOS;Outras;Colisão lateral;Com Vítimas Feridas;Pleno dia;Decrescente;Nublado;Múltipla;Reta;Urbano;4;2
83445102;2016-03-06;Domingo;10:50:00;SP;116;101.0;PINDAMONHANGABA;Outras;Queda de motocicleta / bicicleta / veículo;Com Vítimas Feridas;Pleno dia;Decrescente;Ceu Claro;Dupla;Reta;Urbano;2;1
83445129;2016-03-02;Quarta;21:05:00;SP;116;214.5;GUARULHOS;Outras;Colisão traseira;Sem Vítimas;Plena noite;Decrescente;Nublado;Múltipla;Reta;Urbano;2;2
83445377;2016-03-03;Quinta;08:15:00;SP;116;219.8;GUARULHOS;Não guardar distância de segurança;Colisão lateral;Com Vítimas Feridas;Pleno dia;Crescente;Chuva;Múltipla;Reta;Urbano;2;2
83445387;2016-03-03;Quinta;22:20:00;SP;116;145.0;SAO JOSE DOS CAMPOS;Não guardar distância de segurança;Colisão traseira;Sem Vítimas;Plena noite;Decrescente;Chuva;Dupla;Reta;Rural;2;2
83445409;2016-02-07;Domingo;07:30:00;SP;116;139.0;SAO JOSE DOS CAMPOS;Outras;Queda de motocicleta / bicicleta / veículo;Com Vítimas Feridas;Pleno dia;Decrescente;Sol;Dupla;Reta;Urbano;1;1
83445430;2016-03-03;Quinta;18:30:00;SP;116;212.0;GUARULHOS;Velocidade incompatível;Queda de motocicleta / bicicleta / veículo;Com Vítimas Feridas;Anoitecer;Decrescente;Chuva;Múltipla;Reta;Urbano;2;1
83445459;2016-03-03;Quinta;11:00:00;SP;116;227.0;GUARULHOS;Velocidade incompatível;Colisão Transversal;Com Vítimas Feridas;Pleno dia;Crescente;Sol;Múltipla;Reta;Urbano;3;2
83445492;2016-02-29;Segunda;01:30:00;SP;116;216.7;GUARULHOS;Velocidade incompatível;Colisão com objeto fixo;Sem Vítimas;Plena noite;Decrescente;Chuva;Múltipla;Reta;Urbano;1;1
83445494;2016-03-03;Quinta;20:00:00;SP;116;210.0;GUARULHOS;Velocidade incompatível;Queda de motocicleta / bicicleta / veículo;Com Vítimas Feridas;Plena noite;Decrescente;Chuva;Dupla;Reta;Urbano;1;1
83445508;2016-03-07;Segunda;12:00:00;SP;116;227.0;SAO PAULO;Outras;Colisão lateral;Sem Vítimas;Pleno dia;Crescente;Ceu Claro;Múltipla;Reta;Urbano;2;2
83445518;2016-02-24;Quarta;20:30:00;SP;116;223.0;GUARULHOS;Velocidade incompatível;Queda de motocicleta / bicicleta / veículo;Sem Vítimas;Plena noite;Decrescente;Chuva;Múltipla;Reta;Urbano;1;1
83445561;2016-03-07;Segunda;19:30:00;SP;116;178.8;GUARAREMA;Defeito mecânico em veículo;Incêndio;Sem Vítimas;Plena noite;Decrescente;Chuva;Dupla;Reta;Rural;1;1
83445595;2016-03-07;Segunda;19:20:00;SP;116;155.0;SAO JOSE DOS CAMPOS;Não guardar distância de segurança;Colisão traseira;Com Vítimas Feridas;Plena noite;Crescente;Chuva;Dupla;Reta;Urbano;4;4
83445643;2016-03-05;Sábado;15:00:00;SP;116;167.0;JACAREI;Outras;Colisão traseira;Sem Vítimas;Pleno dia;Decrescente;Chuva;Dupla;Reta;Rural;2;2
83445656;2016-03-05;Sábado;15:00:00;SP;116;165.0;JACAREI;Outras;Colisão com objeto fixo;Sem Vítimas;Pleno dia;Crescente;Chuva;Dupla;Reta;Rural;1;1
83445699;2016-03-08;Terça;07:40:00;SP;116;228.7;SAO PAULO;Velocidade incompatível;Danos Eventuais;Com Vítimas Feridas;Pleno dia;Decrescente;Ceu Claro;Múltipla;Reta;Urbano;1;1
83445702;2016-03-08;Terça;10:10:00;SP;116;217.0;GUARULHOS;Não guardar distância de segurança;Colisão traseira;Com Vítimas Feridas;Pleno dia;Crescente;Sol;Múltipla;Reta;Urbano;2;2
83445736;2016-03-08;Terça;09:30:00;SP;116;146.9;SAO JOSE DOS CAMPOS;Defeito mecânico em veículo;Saída de Pista;Com Vítimas Feridas;Pleno dia;Decrescente;Nublado;Dupla;Reta;Urbano;2;1
83445760;2016-03-08;Terça;09:00:00;SP;116;220.0;GUARULHOS;Não guardar distância de segurança;Colisão lateral;Com Vítimas Feridas;Pleno dia;Crescente;Ceu Claro;Múltipla;Reta;Urbano;2;2
83445785;2016-03-08;Terça;16:30:00;SP;116;207.0;GUARULHOS;Falta de atenção;Capotamento;Com Vítimas Feridas;Pleno dia;Decrescente;Nublado;Múltipla;Reta;Urbano;2;1
83445793;2016-03-08;Terça;18:00:00;SP;116;201.0;ARUJA;Não guardar distância de segurança;Colisão traseira;Com Vítimas Feridas;Anoitecer;Decrescente;Ceu Claro;Múltipla;Reta;Urbano;2;2
83445805;2016-03-02;Quarta;19:44:00;SP;116;158.0;SAO JOSE DOS CAMPOS;Outras;Queda de motocicleta / bicicleta / veículo;Com Vítimas Feridas;Plena noite;Crescente;Chuva;Dupla;Curva;Urbano;1;1
83445818;2016-03-05;Sábado;07:20:00;SP;116;215.0;GUARULHOS;Falta de atenção;Colisão traseira;Com Vítimas Feridas;Amanhecer;Crescente;Sol;Múltipla;Reta;Urbano;2;2
83445863;2016-03-05;Sábado;16:15:00;SP;116;145.0;SAO JOSE DOS CAMPOS;Não guardar distância de segurança;Colisão traseira;Com Vítimas Feridas;Pleno dia;Crescente;Chuva;Dupla;Reta;Urbano;7;7
83445877;2016-03-05;Sábado;19:50:00;SP;116;114.1;TAUBATE;Outras;Tombamento;Com Vítimas Feridas;Plena noite;Crescente;Nublado;Dupla;Reta;Urbano;1;1
83445934;2016-03-07;Segunda;16:00:00;SP;116;229.0;SAO PAULO;Não guardar distância de segurança;Colisão traseira;Sem Vítimas;Pleno dia;Decrescente;Chuva;Múltipla;Reta;Urbano;2;2
83445991;2016-03-09;Quarta;08:00:00;SP;116;156.0;SAO JOSE DOS CAMPOS;Falta de atenção;Colisão traseira;Sem Vítimas;Pleno dia;Decrescente;Ceu Claro;Simples;Reta;Urbano;3;3
83446013;2016-03-06;Domingo;14:35:00;SP;116;147.5;SAO JOSE DOS CAMPOS;Outras;Colisão com objeto fixo;Sem Vítimas;Pleno dia;Crescente;Chuva;Dupla;Curva;Urbano;1;1
83446065;2016-03-05;Sábado;04:40:00;SP;116;228.0;GUARULHOS;Outras;Tombamento;Sem Vítimas;Plena noite;Decrescente;Nublado;Simples;Reta;Urbano;1;1
83446189;2016-03-10;Quinta;09:00:00;SP;116;108.8;TAUBATE;Defeito mecânico em veículo;Queda de motocicleta / bicicleta / veículo;Com Vítimas Feridas;Pleno dia;Crescente;Nublado;Dupla;Reta;Urbano;1;1
83446260;2016-03-07;Segunda;00:35:00;SP;116;228.0;SAO PAULO;Outras;Colisão com objeto fixo;Sem Vítimas;Plena noite;Decrescente;Nublado;Múltipla;Reta;Urbano;2;2
83446316;2016-03-02;Quarta;22:45:00;SP;116;210.0;GUARULHOS;Outras;Derramamento de Carga;Sem Vítimas;Plena noite;Decrescente;Nublado;Múltipla;Reta;Urbano;1;1
83446323;2016-03-03;Quinta;15:30:00;SP;116;219.0;GUARULHOS;Velocidade incompatível;Saída de Pista;Com Vítimas Feridas;Pleno dia;Crescente;Nublado;Simples;Curva;Urbano;1;1
83446331;2016-03-06;Domingo;22:30:00;SP;116;212.0;GUARULHOS;Outras;Colisão traseira;Com Vítimas Feridas;Plena noite;Crescente;Nevoeiro/neblina;Múltipla;Reta;Urbano;3;2
83446357;2016-03-10;Quinta;11:35:00;SP;116;226.6;GUARULHOS;Falta de atenção;Colisão traseira;Com Vítimas Feridas;Pleno dia;Crescente;Chuva;Múltipla;Reta;Urbano;5;2
83446552;2016-03-09;Quarta;20:15:00;SP;116;134.1;SAO JOSE DOS CAMPOS;Ultrapassagem indevida;Colisão lateral;Com Vítimas Feridas;Plena noite;Crescente;Nublado;Dupla;Reta;Urbano;2;2
83446557;2016-03-07;Segunda;20:20:00;SP;116;205.0;ARUJA;Outras;Atropelamento de pessoa;Com Vítimas Feridas;Plena noite;Decrescente;Chuva;Dupla;Reta;Urbano;2;1
83446559;2016-03-10;Quinta;16:55:00;SP;116;136.0;SAO JOSE DOS CAMPOS;Não guardar distância de segurança;Colisão lateral;Com Vítimas Feridas;Pleno dia;Crescente;Chuva;Simples;Reta;Rural;2;2
83446580;2016-03-11;Sexta;17:00:00;SP;116;227.0;SAO PAULO;Defeito na via;Queda de motocicleta / bicicleta / veículo;Sem Vítimas;Pleno dia;Decrescente;Chuva;Múltipla;Curva;Urbano;1;1
83446592;2016-03-11;Sexta;17:40:00;SP;116;157.0;SAO JOSE DOS CAMPOS;Não guardar distância de segurança;Colisão traseira;Sem Vítimas;Pleno dia;Crescente;Ceu Claro;Dupla;Reta;Urbano;2;2
83446599;2016-03-08;Terça;02:00:00;SP;116;207.0;GUARULHOS;Falta de atenção;Saída de Pista;Sem Vítimas;Plena noite;Crescente;Nublado;Dupla;Reta;Urbano;1;1
83446833;2016-03-11;Sexta;00:40:00;SP;116;191.6;SANTA ISABEL;Outras;Colisão com objeto fixo;Sem Vítimas;Plena noite;Decrescente;Chuva;Dupla;Reta;Urbano;2;2
83446887;2016-03-12;Sábado;09:20:00;SP;116;225.0;GUARULHOS;Falta de atenção;Colisão traseira;Sem Vítimas;Pleno dia;Crescente;Nublado;Múltipla;Reta;Urbano;2;2
83446904;2016-03-12;Sábado;14:45:00;SP;116;225.0;GUARULHOS;Defeito mecânico em veículo;Colisão Transversal;Com Vítimas Feridas;Pleno dia;Crescente;Nublado;Múltipla;Reta;Urbano;2;2
83446958;2016-03-12;Sábado;20:55:00;SP;116;155.0;SAO JOSE DOS CAMPOS;Falta de atenção;Colisão lateral;Com Vítimas Feridas;Plena noite;Crescente;Ceu Claro;Dupla;Reta;Urbano;5;2
83447064;2016-03-13;Domingo;04:30:00;SP;116;153.0;SAO JOSE DOS CAMPOS;Dormindo;Saída de Pista;Com Vítimas Feridas;Plena noite;Decrescente;Nublado;Dupla;Reta;Urbano;1;1
83447134;2016-03-13;Domingo;07:00:00;SP;116;228.0;SAO PAULO;Ingestão de álcool;Capotamento;Com Vítimas Feridas;Pleno dia;Decrescente;Ceu Claro;Múltipla;Reta;Urbano;2;2
83447220;2016-03-13;Domingo;11:45:00;SP;116;223.0;GUARULHOS;Falta de atenção;Colisão traseira;Com Vítimas Feridas;Pleno dia;Crescente;Ceu Claro;Múltipla;Reta;Urbano;2;2
83447238;2016-03-13;Domingo;19:25:00;SP;116;225.0;GUARULHOS;Desobediência à sinalização;Queda de motocicleta / bicicleta / veículo;Com Vítimas Feridas;Plena noite;Decrescente;Ceu Claro;Múltipla;Reta;Urbano;1;1
83447325;2016-03-10;Quinta;22:00:00;SP;116;199.7;ARUJA;Outras;Colisão com objeto fixo;Sem Vítimas;Plena noite;Decrescente;Chuva;Múltipla;Reta;Urbano;1;1
83447332;2016-03-10;Quinta;11:20:00;SP;116;212.2;GUARULHOS;Velocidade incompatível;Colisão com objeto fixo;Sem Vítimas;Pleno dia;Crescente;Chuva;Múltipla;Reta;Urbano;1;1
83447333;2016-03-10;Quinta;13:00:00;SP;116;226.7;GUARULHOS;Outras;Colisão traseira;Com Vítimas Feridas;Pleno dia;Decrescente;Chuva;Múltipla;Reta;Urbano;2;2
83447387;2016-03-07;Segunda;09:00:00;SP;116;212.0;GUARULHOS;Não guardar distância de segurança;Colisão lateral;Com Vítimas Feridas;Pleno dia;Crescente;Sol;Múltipla;Reta;Urbano;8;4
83447465;2016-03-14;Segunda;14:00:00;SP;116;141.0;SAO JOSE DOS CAMPOS;Outras;Colisão com objeto fixo;Sem Vítimas;Pleno dia;Decrescente;Ceu Claro;Dupla;Reta;Urbano;2;2
83447469;2016-03-14;Segunda;10:50:00;SP;116;216.9;GUARULHOS;Outras;Colisão traseira;Com Vítimas Fatais;Pleno dia;Crescente;Ceu Claro;Múltipla;Reta;Urbano;3;3
83447476;2016-03-09;Quarta;18:10:00;SP;116;154.0;SAO JOSE DOS CAMPOS;Não guardar distância de segurança;Colisão traseira;Sem Vítimas;Anoitecer;Decrescente;Nublado;Dupla;Reta;Urbano;2;2
83447578;2016-03-14;Segunda;22:20:00;SP;116;219.0;GUARULHOS;Outras;Colisão traseira;Sem Vítimas;Plena noite;Decrescente;Nublado;Múltipla;Reta;Urbano;4;4
83447582;2016-03-07;Segunda;07:00:00;SP;116;218.0;GUARULHOS;Não guardar distância de segurança;Colisão lateral;Com Vítimas Feridas;Pleno dia;Crescente;Ceu Claro;Múltipla;Reta;Urbano;3;2
83447587;2016-03-10;Quinta;22:30:00;SP;116;220.0;GUARULHOS;Outras;Colisão com objeto fixo;Com Vítimas Feridas;Plena noite;Decrescente;Chuva;Múltipla;Reta;Urbano;1;1
83447642;2016-03-14;Segunda;12:20:00;SP;116;223.2;GUARULHOS;Falta de atenção;Colisão traseira;Sem Vítimas;Pleno dia;Crescente;Ceu Claro;Múltipla;Reta;Urbano;4;4
83447652;2016-03-12;Sábado;05:30:00;SP;116;145.0;SAO JOSE DOS CAMPOS;Ingestão de álcool;Capotamento;Sem Vítimas;Amanhecer;Crescente;Ceu Claro;Múltipla;Reta;Urbano;2;1
83447659;2016-01-31;Domingo;17:45:00;SP;116;219.0;GUARULHOS;Outras;Colisão lateral;Sem Vítimas;Anoitecer;Decrescente;Ceu Claro;Múltipla;Reta;Urbano;2;2
83447682;2016-03-15;Terça;07:20:00;SP;116;209.0;GUARULHOS;Não guardar distância de segurança;Queda de motocicleta / bicicleta / veículo;Com Vítimas Feridas;Amanhecer;Decrescente;Nublado;Dupla;Reta;Urbano;1;1
83447796;2016-03-12;Sábado;05:30:00;SP;116;145.0;SAO JOSE DOS CAMPOS;Ingestão de álcool;Colisão traseira;Com Vítimas Feridas;Amanhecer;Decrescente;Nublado;Dupla;Reta;Rural;3;2
83447798;2016-03-15;Terça;13:15:00;SP;116;227.0;GUARULHOS;Falta de atenção;Queda de motocicleta / bicicleta / veículo;Com Vítimas Feridas;Pleno dia;Decrescente;Ceu Claro;Múltipla;Reta;Urbano;2;1