id;data_inversa;dia_semana;horario;uf;br;km;municipio;causa_acidente;tipo_acidente;classificacao_acidente;fase_dia;sentido_via;condicao_metereologica;tipo_pista;tracado_via;uso_solo;pessoas;veiculos
83475424;2016-06-21;Terça;19:15:00;SP;116;225.0;GUARULHOS;Falta de atenção;Colisão lateral;Sem Vítimas;Plena noite;Decrescente;Ceu Claro;Múltipla;Reta;Urbano;2;2
83475426;2016-06-21;Terça;22:35:00;SP;116;227.0;SAO PAULO;Outras;Incêndio;Sem Vítimas;Plena noite;Decrescente;Ceu Claro;Múltipla;Reta;Urbano;1;1
83475487;2016-06-14;Terça;10:00:00;SP;116;203.0;ARUJA;Desobediência à sinalização;Colisão traseira;Com Vítimas Feridas;Pleno dia;Crescente;Ceu Claro;Dupla;Reta;Urbano;4;2
83475521;2016-06-17;Sexta;14:50:00;SP;116;148.0;SAO JOSE DOS CAMPOS;Falta de atenção;Colisão lateral;Com Vítimas Feridas;Pleno dia;Crescente;Ceu Claro;Simples;Reta;Urbano;2;2
83475536;2016-06-13;Segunda;18:00:00;SP;116;149.5;SAO JOSE DOS CAMPOS;Não guardar distância de segurança;Colisão traseira;Com Vítimas Feridas;Plena noite;Decrescente;Ceu Claro;Simples;Reta;Urbano;6;4
83475550;2016-06-19;Domingo;01:40:00;SP;116;139.0;SAO JOSE DOS CAMPOS;Outras;Colisão traseira;Com Vítimas Feridas;Plena noite;Decrescente;Nublado;Dupla;Reta;Urbano;2;2
83475605;2016-06-19;Domingo;05:00:00;SP;116;143.0;SAO JOSE DOS CAMPOS;Outras;Atropelamento de pessoa;Com Vítimas Fatais;Amanhecer;Crescente;Ceu Claro;Simples;Reta;Urbano;2;1
83475626;2016-06-22;Quarta;16:00:00;SP;116;149.0;SAO JOSE DOS CAMPOS;Ingestão de álcool;Saída de Pista;Sem Vítimas;Pleno dia;Crescente;Nublado;Dupla;Reta;Urbano;1;1
83475630;2016-06-22;Quarta;08:30:00;SP;116;159.0;JACAREI;Falta de atenção;Colisão traseira;Com Vítimas Feridas;Pleno dia;Crescente;Sol;Dupla;Reta;Rural;2;2
83475791;2016-06-19;Domingo;21:00:00;SP;116;216.3;GUARULHOS;Ingestão de álcool;Capotamento;Com Vítimas Feridas;Plena noite;Crescente;Nublado;Múltipla;Reta;Urbano;1;1
83475827;2016-06-23;Quinta;11:30:00;SP;116;115.8;TAUBATE;Outras;Colisão lateral;Sem Vítimas;Pleno dia;Decrescente;Sol;Dupla;Reta;Rural;2;2
83475829;2016-06-19;Domingo;17:10:00;SP;116;145.0;SAO JOSE DOS CAMPOS;Falta de atenção;Colisão traseira;Sem Vítimas;Plena noite;Crescente;Ceu Claro;Dupla;Reta;Rural;2;2
83475840;2016-06-17;Sexta;13:00:00;SP;116;182.0;SANTA ISABEL;Outras;Saída de Pista;Sem Vítimas;Pleno dia;Decrescente;Sol;Dupla;Reta;Rural;1;1
83475871;2016-06-23;Quinta;16:00:00;SP;116;122.2;CACAPAVA;Não guardar distância de segurança;Colisão traseira;Com Vítimas Feridas;Pleno dia;Decrescente;Ceu Claro;Dupla;Reta;Urbano;4;3
83475892;2016-06-21;Terça;14:00:00;SP;116;223.4;GUARULHOS;Falta de atenção;Colisão traseira;Com Vítimas Feridas;Pleno dia;Decrescente;Ceu Claro;Dupla;Reta;Urbano;2;2
83475947;2016-06-23;Quinta;20:50:00;SP;116;210.0;GUARULHOS;Não guardar distância de segurança;Colisão traseira;Com Vítimas Feridas;Plena noite;Crescente;Nublado;Dupla;Reta;Urbano;2;2
83475950;2016-06-20;Segunda;22:59:00;SP;116;225.0;GUARULHOS;Outras;Colisão lateral;Sem Vítimas;Plena noite;Crescente;Ceu Claro;Múltipla;Reta;Urbano;2;2
83475962;2016-06-23;Quinta;17:20:00;SP;116;209.0;GUARULHOS;Velocidade incompatível;Capotamento;Com Vítimas Feridas;Pleno dia;Crescente;Nublado;Dupla;Reta;Urbano;1;1
83476031;2016-06-23;Quinta;22:20:00;SP;116;186.0;SANTA ISABEL;Outras;Queda de motocicleta / bicicleta / veículo;Com Vítimas Feridas;Plena noite;Decrescente;Ceu Claro;Dupla;Reta;Rural;1;1
83476051;2016-06-21;Terça;03:35:00;SP;116;149.0;SAO JOSE DOS CAMPOS;Outras;Colisão com objeto fixo;Sem Vítimas;Plena noite;Decrescente;Nublado;Dupla;Reta;Urbano;1;1
83476132;2016-06-24;Sexta;02:26:00;SP;116;168.0;JACAREI;Dormindo;Colisão traseira;Sem Vítimas;Plena noite;Decrescente;Ceu Claro;Dupla;Reta;Urbano;2;2
83476148;2016-06-21;Terça;01:00:00;SP;116;149.3;SAO JOSE DOS CAMPOS;Ingestão de álcool;Atropelamento de pessoa;Com Vítimas Feridas;Plena noite;Decrescente;Ceu Claro;Simples;Reta;Urbano;2;1
83476160;2016-06-22;Quarta;02:40:00;SP;116;166.0;JACAREI;Outras;Atropelamento de pessoa;Com Vítimas Fatais;Plena noite;Decrescente;Nublado;Dupla;Reta;Rural;2;1
83476162;2016-06-21;Terça;06:40:00;SP;116;227.0;GUARULHOS;Não guardar distância de segurança;Colisão traseira;Com Vítimas Feridas;Amanhecer;Crescente;Ceu Claro;Múltipla;Reta;Urbano;3;2
83476222;2016-06-24;Sexta;09:50:00;SP;116;145.0;SAO JOSE DOS CAMPOS;Falta de atenção;Colisão traseira;Sem Vítimas;Plena noite;Decrescente;Ceu Claro;Dupla;Reta;Urbano;3;3
83476266;2016-06-22;Quarta;01:25:00;SP;116;114.0;TAUBATE;Falta de atenção;Colisão com objeto fixo;Com Vítimas Feridas;Plena noite;Crescente;Nublado;Dupla;Reta;Urbano;1;1
83476302;2016-06-19;Domingo;17:40:00;SP;116;207.0;GUARULHOS;Ingestão de álcool;Colisão traseira;Com Vítimas Feridas;Anoitecer;Crescente;Nublado;Dupla;Reta;Urbano;5;4
83476306;2016-06-25;Sábado;07:44:00;SP;116;227.0;GUARULHOS;Dormindo;Saída de Pista;Sem Vítimas;Pleno dia;Decrescente;Nublado;Múltipla;Reta;Urbano;1;1
83476345;2016-06-25;Sábado;11:20:00;SP;116;188.9;SANTA ISABEL;Outras;Colisão traseira;Sem Vítimas;Pleno dia;Crescente;Ceu Claro;Dupla;Curva;Rural;2;2
83476355;2016-06-22;Quarta;08:30:00;SP;116;162.0;JACAREI;Não guardar distância de segurança;Colisão traseira;Sem Vítimas;Amanhecer;Decrescente;Ceu Claro;Dupla;Reta;Rural;3;3
83476495;2016-06-26;Domingo;05:30:00;SP;116;209.0;GUARULHOS;Outras;Colisão com objeto fixo;Com Vítimas Feridas;Plena noite;Decrescente;Nublado;Dupla;Reta;Urbano;2;1
83476540;2016-06-19;Domingo;05:40:00;SP;116;225.0;GUARULHOS;Não guardar distância de segurança;Colisão traseira;Sem Vítimas;Amanhecer;Crescente;Ceu Claro;Múltipla;Reta;Urbano;2;2
83476593;2016-06-26;Domingo;03:05:00;SP;116;218.7;GUARULHOS;Falta de atenção;Colisão com objeto fixo;Com Vítimas Feridas;Plena noite;Crescente;Ceu Claro;Múltipla;Reta;Urbano;2;1
83476611;2016-06-26;Domingo;15:00:00;SP;116;108.5;TAUBATE;Outras;Queda de motocicleta / bicicleta / veículo;Com Vítimas Feridas;Pleno dia;Crescente;Ceu Claro;Dupla;Reta;Urbano;1;1
83476620;2016-06-23;Quinta;20:00:00;SP;116;176.5;GUARAREMA;Falta de atenção;Colisão com objeto fixo;Sem Vítimas;Plena noite;Decrescente;Ceu Claro;Dupla;Reta;Rural;1;1
83476637;2016-06-26;Domingo;09:10:00;SP;116;172.6;JACAREI;Falta de atenção;Colisão com objeto fixo;Com Vítimas Feridas;Pleno dia;Decrescente;Ceu Claro;Dupla;Reta;Urbano;1;1
83476640;2016-06-26;Domingo;18:00:00;SP;116;182.0;SANTA ISABEL;Falta de atenção;Colisão traseira;Sem Vítimas;Plena noite;Decrescente;Ceu Claro;Dupla;Reta;Urbano;2;2
83476648;2016-06-26;Domingo;18:38:00;SP;116;132.0;CACAPAVA;Outras;Atropelamento de pessoa;Com Vítimas Feridas;Anoitecer;Decrescente;Ceu Claro;Dupla;Reta;Urbano;2;1
83476695;2016-06-22;Quarta;19:00:00;SP;116;210.0;GUARULHOS;Outras;Queda de motocicleta / bicicleta / veículo;Ignorado;Plena noite;Decrescente;Ceu Claro;Múltipla;Reta;Urbano;1;1
83476802;2016-06-24;Sexta;06:46:00;SP;116;149.0;SAO JOSE DOS CAMPOS;Falta de atenção;Colisão Transversal;Com Vítimas Feridas;Pleno dia;Decrescente;Ceu Claro;Múltipla;Reta;Urbano;2;2
83476830;2016-04-04;Segunda;14:30:00;SP;116;216.0;GUARULHOS;Falta de atenção;Colisão lateral;Com Vítimas Feridas;Pleno dia;Decrescente;Ceu Claro;Múltipla;Reta;Urbano;2;2
83476865;2016-06-24;Sexta;21:15:00;SP;116;144.6;SAO JOSE DOS CAMPOS;Ingestão de álcool;Colisão Transversal;Com Vítimas Fatais;Plena noite;Decrescente;Ceu Claro;Dupla;Reta;Urbano;3;2
83476874;2016-06-27;Segunda;09:30:00;SP;116;222.0;GUARULHOS;Ultrapassagem indevida;Colisão lateral;Com Vítimas Feridas;Pleno dia;Crescente;Ceu Claro;Múltipla;Reta;Urbano;2;2
83476951;2016-06-27;Segunda;09:10:00;SP;116;228.0;GUARULHOS;Defeito mecânico em veículo;Incêndio;Sem Vítimas;Pleno dia;Crescente;Ceu Claro;Múltipla;Reta;Urbano;1;1
83476988;2016-06-26;Domingo;19:45:00;SP;116;164.0;JACAREI;Outras;Colisão traseira;Com Vítimas Feridas;Plena noite;Decrescente;Ceu Claro;Dupla;Reta;Urbano;4;3
83477002;2016-06-27;Segunda;20:05:00;SP;116;154.3;SAO JOSE DOS CAMPOS;Outras;Colisão lateral;Sem Vítimas;Plena noite;Decrescente;Ceu Claro;Dupla;Reta;Urbano;3;3
83477038;2016-06-25;Sábado;05:42:00;SP;116;133.0;SAO JOSE DOS CAMPOS;Outras;Capotamento;Sem Vítimas;Amanhecer;Crescente;Nevoeiro/neblina;Dupla;Reta;Rural;2;2
83477047;2016-06-27;Segunda;20:00:00;SP;116;184.8;SANTA ISABEL;Outras;Colisão traseira;Com Vítimas Feridas;Plena noite;Crescente;Nublado;Dupla;Reta;Rural;2;2
83477070;2016-06-28;Terça;08:10:00;SP;116;136.7;SAO JOSE DOS CAMPOS;Falta de atenção;Colisão lateral;Com Vítimas Feridas;Pleno dia;Crescente;Nevoeiro/neblina;Dupla;Reta;Urbano;2;2
83477165;2016-06-27;Segunda;20:00:00;SP;116;153.5;SAO JOSE DOS CAMPOS;Não guardar distância de segurança;Colisão traseira;Com Vítimas Feridas;Plena noite;Decrescente;Ceu Claro;Múltipla;Reta;Urbano;2;2
83477307;2016-06-25;Sábado;06:30:00;SP;116;208.0;GUARULHOS;Falta de atenção;Queda de motocicleta / bicicleta / veículo;Com Vítimas Feridas;Amanhecer;Decrescente;Ceu Claro;Dupla;Reta;Urbano;1;1
83477311;2016-06-25;Sábado;21:00:00;SP;116;103.0;PINDAMONHANGABA;Falta de atenção;Colisão com objeto fixo;Sem Vítimas;Plena noite;Crescente;Nublado;Dupla;Reta;Urbano;2;1
83477322;2016-06-27;Segunda;07:00:00;SP;116;228.0;SAO PAULO;Defeito mecânico em veículo;Incêndio;Sem Vítimas;Amanhecer;Crescente;Nublado;Dupla;Reta;Urbano;1;1
83477375;2016-06-25;Sábado;08:15:00;SP;116;171.0;JACAREI;Falta de atenção;Colisão traseira;Sem Vítimas;Plena noite;Crescente;Ceu Claro;Dupla;Reta;Rural;2;2
83477484;2016-06-29;Quarta;18:50:00;SP;116;153.0;SAO JOSE DOS CAMPOS;Outras;Colisão com bicicleta;Com Vítimas Feridas;Plena noite;Decrescente;Nublado;Dupla;Reta;Rural;2;2
83477486;2016-06-29;Quarta;17:15:00;SP;116;174.1;GUARAREMA;Não guardar distância de segurança;Colisão traseira;Com Vítimas Feridas;Anoitecer;Decrescente;Ceu Claro;Dupla;Reta;Rural;2;2
83477558;2016-06-29;Quarta;18:30:00;SP;116;224.0;GUARULHOS;Falta de atenção;Colisão lateral;Com Vítimas Feridas;Plena noite;Decrescente;Ceu Claro;Múltipla;Reta;Urbano;3;3
83477577;2016-06-15;Quarta;11:30:00;SP;116;220.5;GUARULHOS;Não guardar distância de segurança;Colisão traseira;Com Vítimas Feridas;Pleno dia;Decrescente;Ceu Claro;Múltipla;Reta;Urbano;2;2
83477579;2016-06-22;Quarta;14:15:00;SP;116;217.9;GUARULHOS;Ultrapassagem indevida;Colisão lateral;Sem Vítimas;Pleno dia;Decrescente;Ceu Claro;Múltipla;Reta;Urbano;2;2
83477580;2016-06-27;Segunda;09:15:00;SP;116;218.1;GUARULHOS;Ultrapassagem indevida;Colisão lateral;Com Vítimas Feridas;Pleno dia;Crescente;Ceu Claro;Múltipla;Reta;Urbano;3;2
83477582;2016-06-27;Segunda;05:30:00;SP;116;227.0;GUARULHOS;Não guardar distância de segurança;Colisão traseira;Com Vítimas Feridas;Amanhecer;Crescente;Ceu Claro;Dupla;Reta;Urbano;2;2
83477648;2016-06-27;Segunda;06:50:00;SP;116;208.0;GUARULHOS;Falta de atenção;Colisão lateral;Com Vítimas Feridas;Amanhecer;Crescente;Nublado;Dupla;Reta;Urbano;2;2
83477672;2016-06-27;Segunda;03:50:00;SP;116;220.0;GUARULHOS;Falta de atenção;Colisão com objeto fixo;Com Vítimas Feridas;Plena noite;Decrescente;Ceu Claro;Múltipla;Reta;Urbano;1;1
83477824;2016-07-01;Sexta;04:40:00;SP;116;172.0;JACAREI;Falta de atenção;Colisão traseira;Com Vítimas Feridas;Plena noite;Crescente;Nevoeiro/neblina;Dupla;Reta;Urbano;2;2
83477900;2016-06-29;Quarta;08:15:00;SP;116;144.4;SAO JOSE DOS CAMPOS;Falta de atenção;Colisão traseira;Com Vítimas Feridas;Pleno dia;Crescente;Ceu Claro;Dupla;Reta;Rural;3;3
83477929;2016-06-27;Segunda;19:10:00;SP;116;144.0;SAO JOSE DOS CAMPOS;Falta de atenção;Colisão traseira;Com Vítimas Feridas;Plena noite;Crescente;Ceu Claro;Múltipla;Reta;Rural;2;2
83477999;2016-07-01;Sexta;16:20:00;SP;116;221.0;GUARULHOS;Falta de atenção;Colisão lateral;Sem Vítimas;Pleno dia;Decrescente;Sol;Múltipla;Reta;Urbano;2;2
83478007;2016-07-01;Sexta;17:30:00;SP;116;221.5;GUARULHOS;Não guardar distância de segurança;Colisão lateral;Sem Vítimas;Pleno dia;Decrescente;Sol;Múltipla;Reta;Urbano;3;2
83478028;2016-06-27;Segunda;13:45:00;SP;116;224.0;GUARULHOS;Velocidade incompatível;Colisão traseira;Com Vítimas Feridas;Pleno dia;Decrescente;Sol;Múltipla;Reta;Urbano;2;2
83478251;2016-07-02;Sábado;15:50:00;SP;116;218.0;GUARULHOS;Falta de atenção;Colisão traseira;Com Vítimas Feridas;Pleno dia;Crescente;Ceu Claro;Múltipla;Reta;Urbano;4;3
83478270;2016-07-02;Sábado;18:20:00;SP;116;221.0;GUARULHOS;Não guardar distância de segurança;Queda de motocicleta / bicicleta / veículo;Com Vítimas Feridas;Plena noite;Crescente;Nublado;Múltipla;Reta;Urbano;1;1
83478272;2016-07-02;Sábado;12:15:00;SP;116;169.0;JACAREI;Outras;Colisão traseira;Sem Vítimas;Pleno dia;Crescente;Ceu Claro;Dupla;Reta;Rural;2;2
83478294;2016-06-28;Terça;08:40:00;SP;116;204.0;ARUJA;Outras;Colisão com objeto fixo;Sem Vítimas;Pleno dia;Crescente;Sol;Simples;Reta;Urbano;1;1
83478311;2016-06-24;Sexta;10:15:00;SP;116;212.0;GUARULHOS;Falta de atenção;Colisão lateral;Sem Vítimas;Pleno dia;Crescente;Ceu Claro;Múltipla;Reta;Urbano;2;2
83478443;2016-07-03;Domingo;09:30:00;SP;116;146.6;SAO JOSE DOS CAMPOS;Falta de atenção;Colisão traseira;Sem Vítimas;Pleno dia;Decrescente;Ceu Claro;Dupla;Reta;Urbano;3;3
83478448;2016-07-02;Sábado;23:00:00;SP;116;107.0;TAUBATE;Animais na Pista;Queda de motocicleta / bicicleta / veículo;Com Vítimas Feridas;Plena noite;Decrescente;Ceu Claro;Dupla;Reta;Urbano;1;1
83478596;2016-07-03;Domingo;19:40:00;SP;116;207.0;GUARULHOS;Falta de atenção;Colisão traseira;Com Vítimas Feridas;Plena noite;Crescente;Ceu Claro;Dupla;Reta;Urbano;4;3
83478600;2016-07-03;Domingo;20:30:00;SP;116;199.0;ARUJA;Não guardar distância de segurança;Colisão traseira;Com Vítimas Feridas;Plena noite;Crescente;Ceu Claro;Dupla;Reta;Urbano;2;2
83478669;2016-07-03;Domingo;18:30:00;SP;116;169.5;JACAREI;Outras;Colisão frontal;Com Vítimas Fatais;Plena noite;Decrescente;Ceu Claro;Dupla;Cruzamento;Rural;2;2
83478675;2016-07-04;Segunda;05:59:00;SP;116;209.7;GUARULHOS;Outras;Colisão traseira;Com Vítimas Feridas;Pleno dia;Decrescente;Ceu Claro;Dupla;Reta;Urbano;2;2
83478693;2016-07-01;Sexta;21:00:00;SP;116;213.9;GUARULHOS;Falta de atenção;Colisão lateral;Com Vítimas Feridas;Plena noite;Crescente;Ceu Claro;Múltipla;Reta;Urbano;2;2
83478701;2016-07-01;Sexta;13:30:00;SP;116;228.0;SAO PAULO;Não guardar distância de segurança;Colisão traseira;Sem Vítimas;Pleno dia;Crescente;Ceu Claro;Múltipla;Reta;Urbano;2;2
83478964;2016-07-01;Sexta;17:21:00;SP;116;193.0;SANTA ISABEL;Outras;Colisão com objeto fixo;Com Vítimas Feridas;Plena noite;Crescente;Ceu Claro;Dupla;Reta;Rural;3;2
83478972;2016-07-05;Terça;08:10:00;SP;116;150.0;SAO JOSE DOS CAMPOS;Outras;Colisão traseira;Sem Vítimas;Pleno dia;Decrescente;Ceu Claro;Múltipla;Reta;Urbano;2;2
83479005;2016-06-19;Domingo;22:20:00;SP;116;148.0;SAO JOSE DOS CAMPOS;Velocidade incompatível;Colisão traseira;Com Vítimas Feridas;Plena noite;Crescente;Ceu Claro;Múltipla;Reta;Urbano;3;2
83479008;2016-07-05;Terça;09:00:00;SP;116;108.6;TAUBATE;Não guardar distância de segurança;Colisão traseira;Com Vítimas Feridas;Plena noite;Decrescente;Ceu Claro;Dupla;Reta;Urbano;5;5
83479019;2016-07-05;Terça;09:00:00;SP;116;109.6;TAUBATE;Falta de atenção;Colisão traseira;Sem Vítimas;Pleno dia;Decrescente;Sol;Dupla;Reta;Urbano;2;2
83479070;2016-07-05;Terça;16:15:00;SP;116;228.0;SAO PAULO;Falta de atenção;Colisão traseira;Sem Vítimas;Pleno dia;Decrescente;Ceu Claro;Múltipla;Reta;Urbano;2;2
83479187;2016-07-01;Sexta;02:00:00;SP;116;101.0;PINDAMONHANGABA;Outras;Colisão com objeto fixo;Sem Vítimas;Plena noite;Decrescente;Ceu Claro;Dupla;Reta;Urbano;2;2
83479210;2016-07-05;Terça;19:16:00;SP;116;204.0;GUARULHOS;Velocidade incompatível;Colisão traseira;Sem Vítimas;Plena noite;Crescente;Ceu Claro;Múltipla;Cruzamento;Urbano;2;2
83479212;2016-07-04;Segunda;06:28:00;SP;116;209.0;GUARULHOS;Falta de atenção;Colisão traseira;Com Vítimas Feridas;Pleno dia;Crescente;Ceu Claro;Dupla;Reta;Urbano;2;2
83479217;2016-07-05;Terça;07:30:00;SP;116;225.0;GUARULHOS;Velocidade incompatível;Colisão lateral;Com Vítimas Feridas;Pleno dia;Decrescente;Ceu Claro;Múltipla;Reta;Urbano;2;2
83479351;2016-07-06;Quarta;07:20:00;SP;116;145.8;SAO JOSE DOS CAMPOS;Defeito mecânico em veículo;Colisão traseira;Sem Vítimas;Pleno dia;Decrescente;Ceu Claro;Dupla;Reta;Rural;4;4
83479392;2016-07-06;Quarta;19:00:00;SP;116;218.0;GUARULHOS;Outras;Colisão traseira;Sem Vítimas;Plena noite;Decrescente;Nublado;Múltipla;Reta;Urbano;3;3
83479395;2016-07-03;Domingo;06:20:00;SP;116;219.0;GUARULHOS;Outras;Capotamento;Com Vítimas Fatais;Amanhecer;Decrescente;Nublado;Simples;Curva;Urbano;4;1
83479429;2016-07-06;Quarta;11:20:00;SP;116;189.0;SANTA ISABEL;Outras;Colisão traseira;Com Vítimas Feridas;Pleno dia;Decrescente;Ceu Claro;Dupla;Reta;Rural;3;3
83479503;2016-07-06;Quarta;11:20:00;SP;116;189.0;SANTA ISABEL;Outras;Colisão com objeto fixo;Com Vítimas Feridas;Pleno dia;Decrescente;Ceu Claro;Dupla;Reta;Rural;1;1
83479613;2016-07-07;Quinta;09:50:00;SP;116;145.3;SAO JOSE DOS CAMPOS;Não guardar distância de segurança;Colisão traseira;Com Vítimas Feridas;Pleno dia;Crescente;Ceu Claro;Múltipla;Reta;Urbano;3;2
83479635;2016-06-09;Quinta;22:18:00;SP;116;219.6;GUARULHOS;Outras;Colisão traseira;Com Vítimas Feridas;Plena noite;Decrescente;Ceu Claro;Múltipla;Reta;Urbano;2;2
83479747;2016-07-08;Sexta;07:50:00;SP;116;145.0;SAO JOSE DOS CAMPOS;Outras;Colisão traseira;Com Vítimas Feridas;Pleno dia;Decrescente;Ceu Claro;Dupla;Reta;Rural;4;2
83479834;2016-07-08;Sexta;04:55:00;SP;116;210.0;GUARULHOS;Outras;Colisão com objeto fixo;Com Vítimas Feridas;Plena noite;Decrescente;Ceu Claro;Dupla;Reta;Urbano;2;1
83479855;2016-07-05;Terça;05:20:00;SP;116;125.2;CACAPAVA;Dormindo;Colisão com objeto fixo;Com Vítimas Feridas;Plena noite;Decrescente;Ceu Claro;Dupla;Reta;Rural;2;1
83479892;2016-07-08;Sexta;08:30:00;SP;116;137.8;SAO JOSE DOS CAMPOS;Outras;Colisão traseira;Sem Vítimas;Pleno dia;Crescente;Ceu Claro;Dupla;Reta;Rural;3;3
83479898;2016-07-08;Sexta;16:00:00;SP;116;119.5;TAUBATE;Outras;Colisão traseira;Sem Vítimas;Pleno dia;Decrescente;Ceu Claro;Dupla;Reta;Rural;3;3
83479920;2016-07-08;Sexta;19:00:00;SP;116;224.0;GUARULHOS;Falta de atenção;Colisão lateral;Com Vítimas Feridas;Plena noite;Decrescente;Ceu Claro;Múltipla;Reta;Urbano;2;2
83479928;2016-07-08;Sexta;18:30:00;SP;116;221.0;GUARULHOS;Falta de atenção;Colisão lateral;Com Vítimas Feridas;Plena noite;Decrescente;Ceu Claro;Múltipla;Reta;Urbano;2;2
83480051;2016-05-20;Sexta;00:01:00;SP;116;216.0;GUARULHOS;Falta de atenção;Colisão lateral;Sem Vítimas;Plena noite;Decrescente;Nublado;Múltipla;Reta;Urbano;2;2
83480052;2016-07-05;Terça;08:30:00;SP;116;222.0;GUARULHOS;Falta de atenção;Colisão traseira;Com Vítimas Feridas;Plena noite;Decrescente;Ceu Claro;Múltipla;Reta;Urbano;2;2
83480062;2016-07-09;Sábado;10:20:00;SP;116;112.0;TAUBATE;Não guardar distância de segurança;Colisão traseira;Com Vítimas Feridas;Pleno dia;Decrescente;Ceu Claro;Dupla;Reta;Urbano;5;2
83480072;2016-07-06;Quarta;07:20:00;SP;116;210.0;GUARULHOS;Não guardar distância de segurança;Colisão traseira;Sem Vítimas;Pleno dia;Crescente;Sol;Dupla;Reta;Urbano;2;2
83480084;2016-07-08;Sexta;08:00:00;SP;116;139.0;SAO JOSE DOS CAMPOS;Não guardar distância de segurança;Colisão traseira;Sem Vítimas;Pleno dia;Crescente;Sol;Dupla;Curva;Urbano;2;2
83480096;2016-07-08;Sexta;10:00:00;SP;116;133.6;SAO JOSE DOS CAMPOS;Não guardar distância de segurança;Colisão traseira;Com Vítimas Feridas;Pleno dia;Crescente;Sol;Dupla;Reta;Urbano;2;2
83480100;2016-05-09;Segunda;09:00:00;SP;116;121.1;TAUBATE;Velocidade incompatível;Colisão traseira;Com Vítimas Feridas;Pleno dia;Decrescente;Ceu Claro;Dupla;Reta;Rural;5;4
83480106;2016-07-09;Sábado;06:30:00;SP;116;142.7;SAO JOSE DOS CAMPOS;Falta de atenção;Colisão traseira;Com Vítimas Feridas;Amanhecer;Crescente;Nevoeiro/neblina;Dupla;Reta;Urbano;2;2
83480168;2016-07-09;Sábado;08:30:00;SP;116;119.0;TAUBATE;Velocidade incompatível;Colisão traseira;Com Vítimas Feridas;Pleno dia;Decrescente;Sol;Dupla;Reta;Rural;3;2
83480172;2016-07-06;Quarta;07:15:00;SP;116;143.8;SAO JOSE DOS CAMPOS;Falta de atenção;Colisão traseira;Sem Vítimas;Pleno dia;Decrescente;Ceu Claro;Dupla;Reta;Rural;2;2
83480213;2016-07-09;Sábado;16:00:00;SP;116;227.0;GUARULHOS;Ingestão de álcool;Colisão com objeto fixo;Sem Vítimas;Pleno dia;Crescente;Ceu Claro;Dupla;Reta;Urbano;1;1
83480237;2016-07-02;Sábado;07:00:00;SP;116;115.0;TAUBATE;Outras;Capotamento;Com Vítimas Feridas;Amanhecer;Crescente;Nublado;Dupla;Reta;Urbano;1;1
83480247;2016-07-09;Sábado;11:07:00;SP;116;138.5;SAO JOSE DOS CAMPOS;Outras;Colisão traseira;Sem Vítimas;Pleno dia;Decrescente;Sol;Dupla;Reta;Urbano;2;2
83480319;2016-07-07;Quinta;07:00:00;SP;116;109.0;TAUBATE;Falta de atenção;Queda de motocicleta / bicicleta / veículo;Com Vítimas Feridas;Pleno dia;Crescente;Ceu Claro;Dupla;Reta;Urbano;1;1
83480375;2016-07-06;Quarta;16:50:00;SP;116;99.0;PINDAMONHANGABA;Defeito na via;Queda de motocicleta / bicicleta / veículo;Com Vítimas Feridas;Pleno dia;Decrescente;Nublado;Dupla;Curva;Rural;1;1
83480449;2016-07-10;Domingo;17:00:00;SP;116;137.2;SAO JOSE DOS CAMPOS;Falta de atenção;Colisão lateral;Com Vítimas Feridas;Pleno dia;Crescente;Ceu Claro;Dupla;Reta;Rural;3;2
83480455;2016-07-10;Domingo;04:30:00;SP;116;171.5;JACAREI;Falta de atenção;Saída de Pista;Sem Vítimas;Plena noite;Decrescente;Ceu Claro;Dupla;Reta;Urbano;1;1
83480470;2016-07-10;Domingo;17:20:00;SP;116;207.0;GUARULHOS;Velocidade incompatível;Colisão traseira;Com Vítimas Feridas;Pleno dia;Crescente;Ceu Claro;Dupla;Reta;Urbano;4;3
83480491;2016-07-10;Domingo;19:35:00;SP;116;207.0;GUARULHOS;Falta de atenção;Colisão traseira;Com Vítimas Feridas;Plena noite;Crescente;Ceu Claro;Dupla;Reta;Urbano;4;3
83480535;2016-07-11;Segunda;00:30:00;SP;116;107.0;TAUBATE;Outras;Colisão com objeto fixo;Sem Vítimas;Plena noite;Decrescente;Ceu Claro;Dupla;Reta;Urbano;2;1
83480643;2016-07-08;Sexta;04:15:00;SP;116;183.3;SANTA ISABEL;Dormindo;Colisão traseira;Com Vítimas Feridas;Plena noite;Crescente;Ceu Claro;Dupla;Reta;Rural;2;2
83480658;2016-07-09;Sábado;05:20:00;SP;116;146.4;SAO JOSE DOS CAMPOS;Outras;Colisão lateral;Sem Vítimas;Plena noite;Crescente;Ceu Claro;Múltipla;Reta;Urbano;2;2
83480675;2016-07-11;Segunda;10:20:00;SP;116;154.0;SAO JOSE DOS CAMPOS;Outras;Colisão lateral;Sem Vítimas;Pleno dia;Crescente;Ceu Claro;Dupla;Reta;Rural;2;2
83480722;2016-07-11;Segunda;11:56:00;SP;116;219.8;GUARULHOS;Falta de atenção;Colisão lateral;Com Vítimas Feridas;Pleno dia;Decrescente;Sol;Múltipla;Reta;Urbano;2;2