id;data_inversa;dia_semana;horario;uf;br;km;municipio;causa_acidente;tipo_acidente;classificacao_acidente;fase_dia;sentido_via;condicao_metereologica;tipo_pista;tracado_via;uso_solo;pessoas;veiculos
83492391;2016-08-19;Sexta;20:55:00;SP;116;225.0;GUARULHOS;Ingestão de álcool;Capotamento;Com Vítimas Feridas;Plena noite;Decrescente;Nublado;Simples;Reta;Urbano;2;2
83492540;2016-08-20;Sábado;01:20:00;SP;116;148.0;SAO JOSE DOS CAMPOS;Outras;Colisão com objeto fixo;Ignorado;Plena noite;Crescente;Ceu Claro;Múltipla;Curva;Urbano;1;1
83492569;2016-08-23;Terça;10:00:00;SP;116;146.3;SAO JOSE DOS CAMPOS;Falta de atenção;Atropelamento de pessoa;Com Vítimas Feridas;Pleno dia;Crescente;Ceu Claro;Simples;Reta;Urbano;2;1
83492588;2016-08-23;Terça;07:50:00;SP;116;227.6;GUARULHOS;Velocidade incompatível;Queda de motocicleta / bicicleta / veículo;Com Vítimas Feridas;Pleno dia;Crescente;Ceu Claro;Múltipla;Reta;Urbano;1;1
83492601;2016-08-18;Quinta;18:46:00;SP;116;218.0;GUARULHOS;Não guardar distância de segurança;Colisão traseira;Sem Vítimas;Plena noite;Crescente;Nublado;Múltipla;Reta;Urbano;3;3
83492677;2016-08-20;Sábado;03:50:00;SP;116;211.0;GUARULHOS;Ingestão de álcool;Colisão lateral;Sem Vítimas;Plena noite;Decrescente;Ceu Claro;Múltipla;Reta;Urbano;2;2
83492756;2016-08-20;Sábado;18:00:00;SP;116;119.0;TAUBATE;Outras;Saída de Pista;Com Vítimas Feridas;Anoitecer;Decrescente;Nublado;Dupla;Reta;Urbano;1;1
83492829;2016-08-17;Quarta;06:00:00;SP;116;136.0;SAO JOSE DOS CAMPOS;Outras;Atropelamento de pessoa;Com Vítimas Fatais;Amanhecer;Decrescente;Ceu Claro;Simples;Reta;Rural;3;2
83492895;2016-08-22;Segunda;09:00:00;SP;116;224.0;GUARULHOS;Não guardar distância de segurança;Colisão traseira;Sem Vítimas;Pleno dia;Crescente;Nublado;Múltipla;Reta;Urbano;2;2
83492934;2016-08-23;Terça;15:10:00;SP;116;205.0;GUARULHOS;Outras;Colisão lateral;Com Vítimas Feridas;Pleno dia;Decrescente;Nublado;Dupla;Reta;Urbano;5;2
83492940;2016-08-17;Quarta;19:20:00;SP;116;223.0;GUARULHOS;Não guardar distância de segurança;Colisão traseira;Com Vítimas Feridas;Anoitecer;Decrescente;Ceu Claro;Múltipla;Reta;Urbano;2;2
83493004;2016-08-22;Segunda;03:50:00;SP;116;101.4;PINDAMONHANGABA;Falta de atenção;Colisão traseira;Sem Vítimas;Plena noite;Crescente;Ceu Claro;Simples;Reta;Rural;2;2
83493054;2016-08-25;Quinta;00:05:00;SP;116;229.8;SAO PAULO;Outras;Colisão com objeto fixo;Sem Vítimas;Plena noite;Crescente;Ceu Claro;Múltipla;Reta;Urbano;1;1
83493085;2016-08-24;Quarta;14:00:00;SP;116;144.0;SAO JOSE DOS CAMPOS;Falta de atenção;Colisão traseira;Com Vítimas Feridas;Pleno dia;Crescente;Sol;Dupla;Reta;Urbano;2;2
83493101;2016-08-22;Segunda;05:50:00;SP;116;222.0;GUARULHOS;Falta de atenção;Colisão traseira;Sem Vítimas;Amanhecer;Decrescente;Chuva;Múltipla;Reta;Urbano;2;2
83493139;2016-08-25;Quinta;18:30:00;SP;116;217.0;GUARULHOS;Falta de atenção;Colisão traseira;Com Vítimas Feridas;Anoitecer;Crescente;Ceu Claro;Múltipla;Reta;Urbano;2;2
83493292;2016-08-26;Sexta;12:25:00;SP;116;179.0;GUARAREMA;Outras;Saída de Pista;Sem Vítimas;Pleno dia;Crescente;Sol;Dupla;Reta;Rural;2;2
83493302;2016-08-19;Sexta;02:00:00;SP;116;133.8;CACAPAVA;Dormindo;Saída de Pista;Com Vítimas Feridas;Plena noite;Crescente;Ceu Claro;Dupla;Reta;Urbano;1;1
83493308;2016-08-22;Segunda;16:30:00;SP;116;133.8;CACAPAVA;Falta de atenção;Colisão traseira;Com Vítimas Feridas;Pleno dia;Crescente;Ceu Claro;Dupla;Reta;Urbano;2;2
83493314;2016-08-24;Quarta;18:15:00;SP;116;226.9;GUARULHOS;Não guardar distância de segurança;Colisão traseira;Sem Vítimas;Plena noite;Decrescente;Ceu Claro;Múltipla;Reta;Urbano;5;3
83493328;2016-08-25;Quinta;05:30:00;SP;116;228.0;SAO PAULO;Outras;Atropelamento de pessoa;Com Vítimas Feridas;Amanhecer;Crescente;Nublado;Múltipla;Reta;Urbano;2;1
83493349;2016-08-26;Sexta;15:40:00;SP;116;156.9;SAO JOSE DOS CAMPOS;Outras;Colisão traseira;Sem Vítimas;Pleno dia;Crescente;Ceu Claro;Dupla;Reta;Urbano;2;2
83493355;2016-08-26;Sexta;07:30:00;SP;116;222.0;GUARULHOS;Não guardar distância de segurança;Colisão lateral;Com Vítimas Feridas;Pleno dia;Crescente;Sol;Múltipla;Reta;Urbano;4;3
83493427;2016-08-23;Terça;00:30:00;SP;116;118.5;TAUBATE;Outras;Colisão traseira;Sem Vítimas;Plena noite;Crescente;Ceu Claro;Dupla;Reta;Rural;2;2
83493435;2016-08-26;Sexta;18:10:00;SP;116;227.0;SAO PAULO;Falta de atenção;Colisão lateral;Sem Vítimas;Anoitecer;Decrescente;Nublado;Múltipla;Reta;Urbano;2;2
83493551;2016-08-20;Sábado;06:55:00;SP;116;142.3;SAO JOSE DOS CAMPOS;Outras;Saída de Pista;Ignorado;Amanhecer;Decrescente;Ceu Claro;Dupla;Reta;Rural;1;1
83493562;2016-08-23;Terça;06:15:00;SP;116;157.9;JACAREI;Falta de atenção;Colisão com objeto fixo;Sem Vítimas;Pleno dia;Crescente;Ceu Claro;Dupla;Reta;Urbano;1;1
83493632;2016-08-27;Sábado;14:30:00;SP;116;218.0;GUARULHOS;Outras;Colisão lateral;Com Vítimas Feridas;Pleno dia;Decrescente;Ceu Claro;Múltipla;Reta;Urbano;3;2
83493737;2016-08-27;Sábado;18:45:00;SP;116;217.0;GUARULHOS;Ingestão de álcool;Colisão traseira;Com Vítimas Feridas;Anoitecer;Crescente;Ceu Claro;Múltipla;Reta;Urbano;3;2
83493885;2016-08-28;Domingo;12:55:00;SP;116;180.0;GUARAREMA;Outras;Colisão lateral;Com Vítimas Feridas;Pleno dia;Decrescente;Sol;Dupla;Reta;Rural;3;2
83493889;2016-08-24;Quarta;08:10:00;SP;116;224.0;GUARULHOS;Falta de atenção;Colisão lateral;Com Vítimas Feridas;Pleno dia;Crescente;Ceu Claro;Múltipla;Reta;Urbano;2;2
83493994;2016-08-21;Domingo;09:50:00;SP;116;225.0;GUARULHOS;Outras;Colisão com objeto fixo;Sem Vítimas;Pleno dia;Decrescente;Chuva;Simples;Curva;Urbano;2;1
83494208;2016-08-29;Segunda;11:30:00;SP;116;220.0;GUARULHOS;Falta de atenção;Colisão lateral;Sem Vítimas;Pleno dia;Decrescente;Ceu Claro;Múltipla;Reta;Urbano;2;2
83494231;2016-08-29;Segunda;12:20:00;SP;116;189.9;SANTA ISABEL;Outras;Queda de motocicleta / bicicleta / veículo;Com Vítimas Feridas;Pleno dia;Decrescente;Ceu Claro;Dupla;Reta;Urbano;2;1
83494267;2016-08-29;Segunda;08:30:00;SP;116;137.0;SAO JOSE DOS CAMPOS;Outras;Colisão traseira;Sem Vítimas;Pleno dia;Crescente;Ceu Claro;Dupla;Reta;Rural;2;2
83494272;2016-08-26;Sexta;03:00:00;SP;116;133.4;CACAPAVA;Outras;Atropelamento de pessoa;Com Vítimas Feridas;Plena noite;Decrescente;Ceu Claro;Dupla;Reta;Rural;2;1
83494366;2016-08-25;Quinta;15:00:00;SP;116;110.1;TAUBATE;Outras;Tombamento;Sem Vítimas;Pleno dia;Crescente;Ceu Claro;Simples;Reta;Urbano;1;1
83494430;2016-08-26;Sexta;16:35:00;SP;116;155.0;SAO JOSE DOS CAMPOS;Falta de atenção;Colisão lateral;Com Vítimas Feridas;Pleno dia;Crescente;Ceu Claro;Múltipla;Reta;Urbano;4;2
83494479;2016-08-26;Sexta;23:20:00;SP;116;216.0;GUARULHOS;Não guardar distância de segurança;Colisão traseira;Com Vítimas Feridas;Plena noite;Crescente;Ceu Claro;Múltipla;Reta;Urbano;4;2
83494537;2016-08-28;Domingo;05:30:00;SP;116;225.0;GUARULHOS;Outras;Queda de motocicleta / bicicleta / veículo;Com Vítimas Fatais;Plena noite;Crescente;Ceu Claro;Múltipla;Reta;Urbano;4;3
83494559;2016-04-08;Sexta;19:30:00;SP;116;221.0;GUARULHOS;Não guardar distância de segurança;Queda de motocicleta / bicicleta / veículo;Com Vítimas Feridas;Plena noite;Crescente;Ceu Claro;Múltipla;Reta;Urbano;1;1
83494573;2016-08-30;Terça;18:40:00;SP;116;203.0;ARUJA;Defeito mecânico em veículo;Queda de motocicleta / bicicleta / veículo;Com Vítimas Feridas;Plena noite;Decrescente;Nublado;Dupla;Reta;Urbano;1;1
83494643;2016-08-29;Segunda;07:50:00;SP;116;137.0;SAO JOSE DOS CAMPOS;Falta de atenção;Colisão traseira;Sem Vítimas;Pleno dia;Crescente;Sol;Dupla;Reta;Urbano;3;3
83494645;2016-07-24;Domingo;15:00:00;SP;116;135.0;SAO JOSE DOS CAMPOS;Outras;Tombamento;Sem Vítimas;Pleno dia;Crescente;Ceu Claro;Dupla;Reta;Rural;1;1
83494667;2016-08-25;Quinta;10:30:00;SP;116;229.0;SAO PAULO;Não guardar distância de segurança;Colisão traseira;Com Vítimas Feridas;Pleno dia;Crescente;Ceu Claro;Múltipla;Reta;Urbano;7;5
83494716;2016-08-29;Segunda;08:45:00;SP;116;147.0;SAO JOSE DOS CAMPOS;Outras;Colisão traseira;Com Vítimas Feridas;Pleno dia;Decrescente;Ceu Claro;Múltipla;Reta;Urbano;2;2
83494750;2016-08-28;Domingo;03:20:00;SP;116;146.8;SAO JOSE DOS CAMPOS;Ingestão de álcool;Colisão lateral;Com Vítimas Feridas;Plena noite;Decrescente;Ceu Claro;Dupla;Reta;Urbano;7;2
83494796;2016-08-29;Segunda;09:30:00;SP;116;134.5;SAO JOSE DOS CAMPOS;Falta de atenção;Colisão traseira;Com Vítimas Feridas;Pleno dia;Crescente;Sol;Dupla;Reta;Urbano;3;3
83494829;2016-08-31;Quarta;18:50:00;SP;116;211.0;GUARULHOS;Não guardar distância de segurança;Colisão traseira;Sem Vítimas;Plena noite;Decrescente;Nublado;Dupla;Reta;Urbano;2;2
83494843;2016-08-31;Quarta;16:45:00;SP;116;224.0;GUARULHOS;Outras;Queda de motocicleta / bicicleta / veículo;Sem Vítimas;Pleno dia;Decrescente;Chuva;Múltipla;Reta;Urbano;1;1
83494947;2016-08-29;Segunda;07:50:00;SP;116;145.0;SAO JOSE DOS CAMPOS;Não guardar distância de segurança;Queda de motocicleta / bicicleta / veículo;Com Vítimas Feridas;Pleno dia;Crescente;Sol;Dupla;Reta;Urbano;1;1
83495022;2016-08-27;Sábado;23:15:00;SP;116;219.0;GUARULHOS;Outras;Colisão traseira;Sem Vítimas;Plena noite;Crescente;Nublado;Simples;Reta;Urbano;2;2
83495032;2016-08-28;Domingo;21:00:00;SP;116;178.3;JACAREI;Outras;Queda de motocicleta / bicicleta / veículo;Com Vítimas Feridas;Plena noite;Crescente;Ceu Claro;Dupla;Reta;Rural;1;1
83495051;2016-09-01;Quinta;08:20:00;SP;116;209.8;GUARULHOS;Falta de atenção;Colisão traseira;Com Vítimas Feridas;Pleno dia;Crescente;Sol;Dupla;Reta;Urbano;3;2
83495123;2016-09-01;Quinta;22:30:00;SP;116;103.0;TAUBATE;Outras;Colisão com objeto fixo;Com Vítimas Feridas;Plena noite;Decrescente;Ceu Claro;Dupla;Reta;Urbano;3;3
83495125;2016-09-01;Quinta;19:20:00;SP;116;174.2;JACAREI;Outras;Colisão lateral;Sem Vítimas;Plena noite;Decrescente;Ceu Claro;Dupla;Reta;Urbano;3;3
83495225;2016-08-29;Segunda;15:30:00;SP;116;205.0;ARUJA;Falta de atenção;Colisão traseira;Com Vítimas Feridas;Pleno dia;Crescente;Ceu Claro;Dupla;Reta;Urbano;2;2
83495259;2016-08-29;Segunda;08:10:00;SP;116;107.8;TAUBATE;Não guardar distância de segurança;Colisão traseira;Com Vítimas Feridas;Pleno dia;Crescente;Nublado;Dupla;Reta;Urbano;2;2
83495302;2016-09-02;Sexta;15:30:00;SP;116;115.6;TAUBATE;Outras;Queda de motocicleta / bicicleta / veículo;Com Vítimas Feridas;Pleno dia;Crescente;Sol;Dupla;Reta;Urbano;2;2
83495483;2016-08-30;Terça;18:45:00;SP;116;225.0;GUARULHOS;Dormindo;Capotamento;Sem Vítimas;Plena noite;Crescente;Nublado;Múltipla;Reta;Urbano;2;2
83495754;2016-09-04;Domingo;05:30:00;SP;116;216.0;GUARULHOS;Não guardar distância de segurança;Colisão traseira;Com Vítimas Feridas;Amanhecer;Crescente;Ceu Claro;Múltipla;Reta;Urbano;3;3
83495773;2016-09-04;Domingo;11:40:00;SP;116;210.6;GUARULHOS;Desobediência à sinalização;Colisão Transversal;Sem Vítimas;Pleno dia;Decrescente;Nublado;Dupla;Reta;Urbano;2;2
83495911;2016-09-04;Domingo;20:30:00;SP;116;208.0;GUARULHOS;Falta de atenção;Saída de Pista;Com Vítimas Feridas;Plena noite;Crescente;Ceu Claro;Dupla;Reta;Urbano;3;1
83496034;2016-09-05;Segunda;09:55:00;SP;116;149.0;SAO JOSE DOS CAMPOS;Defeito mecânico em veículo;Colisão traseira;Sem Vítimas;Pleno dia;Crescente;Sol;Dupla;Reta;Urbano;2;2
83496055;2016-09-04;Domingo;07:10:00;SP;116;110.4;TAUBATE;Outras;Colisão traseira;Com Vítimas Feridas;Pleno dia;Decrescente;Ceu Claro;Dupla;Reta;Urbano;10;4
83496085;2016-09-05;Segunda;12:53:00;SP;116;228.0;SAO PAULO;Falta de atenção;Colisão lateral;Sem Vítimas;Pleno dia;Decrescente;Nublado;Simples;Reta;Urbano;2;2
83496194;2016-09-01;Quinta;06:00:00;SP;116;215.0;GUARULHOS;Outras;Colisão traseira;Sem Vítimas;Amanhecer;Decrescente;Ceu Claro;Múltipla;Reta;Urbano;3;3
83496257;2016-09-02;Sexta;23:30:00;SP;116;127.0;CACAPAVA;Outras;Colisão traseira;Sem Vítimas;Plena noite;Decrescente;Ceu Claro;Dupla;Reta;Urbano;2;2
83496295;2016-09-02;Sexta;13:45:00;SP;116;103.8;PINDAMONHANGABA;Não guardar distância de segurança;Colisão traseira;Com Vítimas Feridas;Pleno dia;Crescente;Ceu Claro;Dupla;Reta;Rural;3;2
83496329;2016-09-02;Sexta;21:30:00;SP;116;227.0;GUARULHOS;Outras;Colisão com objeto móvel;Com Vítimas Feridas;Plena noite;Crescente;Ceu Claro;Múltipla;Reta;Urbano;2;1
83496427;2016-09-03;Sábado;01:10:00;SP;116;107.2;TAUBATE;Outras;Colisão com objeto fixo;Com Vítimas Feridas;Plena noite;Decrescente;Nublado;Dupla;Reta;Rural;1;1
83496540;2016-09-04;Domingo;06:30:00;SP;116;109.0;TAUBATE;Ingestão de álcool;Colisão com objeto fixo;Sem Vítimas;Amanhecer;Decrescente;Ceu Claro;Dupla;Reta;Urbano;1;1
83496581;2016-09-07;Quarta;09:15:00;SP;116;109.0;TAUBATE;Falta de atenção;Colisão traseira;Com Vítimas Feridas;Pleno dia;Decrescente;Ceu Claro;Dupla;Reta;Urbano;6;2
83496667;2016-09-07;Quarta;18:25:00;SP;116;216.0;GUARULHOS;Ingestão de álcool;Colisão lateral;Sem Vítimas;Anoitecer;Decrescente;Ceu Claro;Múltipla;Reta;Urbano;2;2
83496751;2016-08-30;Terça;07:00:00;SP;116;214.0;GUARULHOS;Não guardar distância de segurança;Colisão traseira;Com Vítimas Feridas;Amanhecer;Crescente;Ceu Claro;Múltipla;Reta;Urbano;6;5
83496778;2016-09-08;Quinta;07:45:00;SP;116;222.9;GUARULHOS;Falta de atenção;Colisão lateral;Sem Vítimas;Pleno dia;Decrescente;Ceu Claro;Dupla;Reta;Urbano;2;2
83496784;2016-09-08;Quinta;07:30:00;SP;116;111.4;TAUBATE;Outras;Colisão lateral;Com Vítimas Feridas;Pleno dia;Crescente;Ceu Claro;Dupla;Reta;Urbano;2;2
83496857;2016-09-06;Terça;06:15:00;SP;116;154.0;SAO JOSE DOS CAMPOS;Não guardar distância de segurança;Colisão traseira;Sem Vítimas;Amanhecer;Crescente;Chuva;Múltipla;Reta;Urbano;3;3
83496889;2016-09-08;Quinta;07:35:00;SP;116;213.5;GUARULHOS;Defeito na via;Colisão lateral;Sem Vítimas;Pleno dia;Crescente;Ceu Claro;Múltipla;Reta;Urbano;2;2
83496926;2016-09-08;Quinta;06:45:00;SP;116;221.7;GUARULHOS;Falta de atenção;Colisão lateral;Com Vítimas Feridas;Amanhecer;Crescente;Ceu Claro;Múltipla;Reta;Urbano;2;2
83496932;2016-09-08;Quinta;19:20:00;SP;116;117.6;TAUBATE;Defeito mecânico em veículo;Colisão traseira;Sem Vítimas;Anoitecer;Decrescente;Nublado;Dupla;Reta;Rural;3;3
83497071;2016-06-06;Segunda;04:10:00;SP;116;145.0;SAO JOSE DOS CAMPOS;Outras;Colisão traseira;Com Vítimas Feridas;Plena noite;Crescente;Chuva;Dupla;Reta;Rural;38;2
83497125;2016-09-02;Sexta;21:50:00;SP;116;157.0;SAO JOSE DOS CAMPOS;Outras;Atropelamento de pessoa;Com Vítimas Feridas;Plena noite;Decrescente;Ceu Claro;Múltipla;Reta;Urbano;2;1
83497166;2016-09-09;Sexta;13:30:00;SP;116;219.0;GUARULHOS;Falta de atenção;Colisão traseira;Com Vítimas Feridas;Pleno dia;Decrescente;Ceu Claro;Múltipla;Reta;Urbano;2;2
83497222;2016-09-09;Sexta;21:00:00;SP;116;224.0;GUARULHOS;Falta de atenção;Colisão lateral;Sem Vítimas;Plena noite;Crescente;Nublado;Simples;Reta;Urbano;3;3
83497237;2016-09-10;Sábado;04:05:00;SP;116;111.5;TAUBATE;Outras;Tombamento;Com Vítimas Feridas;Plena noite;Decrescente;Ceu Claro;Dupla;Reta;Urbano;2;1
83497260;2016-09-07;Quarta;21:00:00;SP;116;219.0;GUARULHOS;Falta de atenção;Atropelamento de pessoa;Com Vítimas Feridas;Plena noite;Crescente;Ceu Claro;Múltipla;Reta;Urbano;2;1
83497267;2016-09-07;Quarta;02:30:00;SP;116;119.2;TAUBATE;Outras;Colisão frontal;Com Vítimas Fatais;Plena noite;Crescente;Nublado;Dupla;Reta;Rural;3;3
83497356;2016-09-06;Terça;21:10:00;SP;116;221.0;GUARULHOS;Outras;Colisão lateral;Sem Vítimas;Plena noite;Crescente;Ceu Claro;Múltipla;Reta;Urbano;2;2
83497376;2016-09-06;Terça;01:00:00;SP;116;145.0;SAO JOSE DOS CAMPOS;Outras;Colisão com objeto fixo;Ignorado;Plena noite;Crescente;Nublado;Dupla;Reta;Rural;1;1
83497450;2016-09-10;Sábado;21:30:00;SP;116;211.5;GUARULHOS;Outras;Colisão traseira;Com Vítimas Feridas;Plena noite;Crescente;Nublado;Múltipla;Reta;Urbano;3;3
83497468;2016-09-07;Quarta;07:30:00;SP;116;217.0;GUARULHOS;Outras;Colisão lateral;Com Vítimas Feridas;Pleno dia;Crescente;Ceu Claro;Múltipla;Reta;Urbano;2;2
83497552;2016-09-11;Domingo;00:43:00;SP;116;169.0;JACAREI;Defeito mecânico em veículo;Colisão com objeto fixo;Sem Vítimas;Pleno dia;Decrescente;Ceu Claro;Simples;Reta;Rural;1;1
83497603;2016-09-07;Quarta;19:30:00;SP;116;221.0;GUARULHOS;Ultrapassagem indevida;Colisão lateral;Com Vítimas Feridas;Plena noite;Crescente;Nublado;Múltipla;Reta;Urbano;2;2
83497613;2016-09-08;Quinta;06:05:00;SP;116;173.1;JACAREI;Animais na Pista;Atropelamento de animal;Sem Vítimas;Amanhecer;Decrescente;Ceu Claro;Dupla;Reta;Rural;2;2
83497715;2016-09-11;Domingo;07:00:00;SP;116;226.0;GUARULHOS;Dormindo;Colisão com objeto fixo;Sem Vítimas;Pleno dia;Decrescente;Nublado;Múltipla;Reta;Urbano;1;1
83497877;2016-09-10;Sábado;19:50:00;SP;116;199.0;GUARULHOS;Outras;Colisão com objeto fixo;Sem Vítimas;Plena noite;Decrescente;Ceu Claro;Simples;Curva;Urbano;1;1
83497908;2016-09-12;Segunda;11:20:00;SP;116;222.0;GUARULHOS;Defeito mecânico em veículo;Colisão traseira;Com Vítimas Feridas;Pleno dia;Decrescente;Sol;Dupla;Reta;Urbano;3;2
83497938;2016-09-09;Sexta;03:50:00;SP;116;149.9;SAO JOSE DOS CAMPOS;Ingestão de álcool;Saída de Pista;Sem Vítimas;Plena noite;Crescente;Ceu Claro;Múltipla;Reta;Urbano;1;1
83497943;2016-09-12;Segunda;06:20:00;SP;116;176.0;GUARAREMA;Falta de atenção;Colisão traseira;Sem Vítimas;Amanhecer;Decrescente;Ceu Claro;Dupla;Reta;Rural;2;2
83498017;2016-09-11;Domingo;01:45:00;SP;116;152.0;SAO JOSE DOS CAMPOS;Outras;Colisão traseira;Com Vítimas Feridas;Plena noite;Decrescente;Ceu Claro;Múltipla;Reta;Urbano;2;2
83498044;2016-09-12;Segunda;11:00:00;SP;116;158.0;JACAREI;Outras;Colisão traseira;Sem Vítimas;Pleno dia;Decrescente;Sol;Dupla;Reta;Urbano;2;2
83498061;2016-09-13;Terça;03:50:00;SP;116;99.3;PINDAMONHANGABA;Outras;Colisão traseira;Com Vítimas Feridas;Plena noite;Crescente;Ceu Claro;Dupla;Reta;Rural;3;2
83498120;2016-09-07;Quarta;04:30:00;SP;116;205.9;GUARULHOS;Dormindo;Capotamento;Sem Vítimas;Plena noite;Decrescente;Nublado;Dupla;Reta;Urbano;1;1
83498148;2016-08-12;Sexta;17:45:00;SP;116;144.0;SAO JOSE DOS CAMPOS;Não guardar distância de segurança;Colisão traseira;Com Vítimas Feridas;Anoitecer;Decrescente;Ceu Claro;Múltipla;Reta;Urbano;4;3
83498175;2016-09-13;Terça;15:00:00;SP;116;129.0;CACAPAVA;Dormindo;Colisão traseira;Sem Vítimas;Pleno dia;Crescente;Ceu Claro;Dupla;Reta;Rural;3;2
83498259;2016-09-01;Quinta;18:55:00;SP;116;145.0;SAO JOSE DOS CAMPOS;Defeito mecânico em veículo;Colisão com objeto móvel;Sem Vítimas;Plena noite;Decrescente;Ceu Claro;Dupla;Reta;Urbano;3;3
83498296;2016-09-13;Terça;19:00:00;SP;116;221.0;GUARULHOS;Falta de atenção;Colisão traseira;Com Vítimas Feridas;Plena noite;Decrescente;Ceu Claro;Múltipla;Reta;Urbano;3;3
83498304;2016-09-13;Terça;16:30:00;SP;116;100.2;PINDAMONHANGABA;Defeito na via;Colisão com objeto fixo;Com Vítimas Feridas;Pleno dia;Decrescente;Ceu Claro;Dupla;Reta;Rural;4;3
83498312;2016-09-10;Sábado;22:20:00;SP;116;229.0;SAO PAULO;Não guardar distância de segurança;Colisão lateral;Com Vítimas Feridas;Plena noite;Decrescente;Nublado;Múltipla;Reta;Urbano;3;2
83498315;2016-09-11;Domingo;07:05:00;SP;116;214.0;GUARULHOS;Animais na Pista;Colisão com objeto fixo;Sem Vítimas;Amanhecer;Decrescente;Ceu Claro;Múltipla;Reta;Urbano;1;1
83498367;2016-09-11;Domingo;05:30:00;SP;116;213.8;GUARULHOS;Outras;Colisão com objeto fixo;Com Vítimas Feridas;Amanhecer;Decrescente;Ceu Claro;Dupla;Reta;Urbano;3;1
83498406;2016-09-14;Quarta;12:00:00;SP;116;149.0;SAO JOSE DOS CAMPOS;Defeito mecânico em veículo;Derramamento de Carga;Sem Vítimas;Pleno dia;Decrescente;Ceu Claro;Múltipla;Reta;Urbano;1;1
83498479;2016-09-10;Sábado;23:25:00;SP;116;147.0;SAO JOSE DOS CAMPOS;Outras;Colisão com objeto fixo;Com Vítimas Feridas;Plena noite;Crescente;Nublado;Múltipla;Reta;Urbano;2;1
83498549;2016-09-02;Sexta;06:00:00;SP;116;141.0;SAO JOSE DOS CAMPOS;Outras;Capotamento;Com Vítimas Feridas;Amanhecer;Crescente;Ceu Claro;Simples;Reta;Rural;1;1
83498553;2016-09-11;Domingo;18:30:00;SP;116;128.8;CACAPAVA;Não guardar distância de segurança;Queda de motocicleta / bicicleta / veículo;Com Vítimas Feridas;Anoitecer;Crescente;Ceu Claro;Dupla;Reta;Urbano;1;1
83498590;2016-07-22;Sexta;17:00:00;SP;116;207.0;GUARULHOS;Não guardar distância de segurança;Colisão lateral;Sem Vítimas;Anoitecer;Crescente;Ceu Claro;Múltipla;Reta;Urbano;4;4
83498605;2016-09-12;Segunda;05:15:00;SP;116;107.9;TAUBATE;Outras;Colisão traseira;Sem Vítimas;Pleno dia;Crescente;Ceu Claro;Dupla;Reta;Urbano;2;2
83498662;2016-09-12;Segunda;03:40:00;SP;116;226.5;GUARULHOS;Velocidade incompatível;Colisão traseira;Sem Vítimas;Plena noite;Decrescente;Ceu Claro;Múltipla;Reta;Urbano;2;2
83498669;2016-09-11;Domingo;23:40:00;SP;116;220.0;GUARULHOS;Ingestão de álcool;Colisão traseira;Sem Vítimas;Plena noite;Crescente;Ceu Claro;Múltipla;Reta;Urbano;2;2
83498672;2016-09-15;Quinta;10:00:00;SP;116;229.2;SAO PAULO;Não guardar distância de segurança;Colisão lateral;Com Vítimas Feridas;Pleno dia;Crescente;Sol;Múltipla;Reta;Urbano;2;2
83498719;2016-09-15;Quinta;18:30:00;SP;116;227.0;GUARULHOS;Não guardar distância de segurança;Colisão lateral;Sem Vítimas;Anoitecer;Crescente;Ceu Claro;Múltipla;Reta;Urbano;2;2
83498730;2016-09-11;Domingo;15:30:00;SP;116;211.0;GUARULHOS;Ingestão de álcool;Colisão traseira;Com Vítimas Feridas;Anoitecer;Decrescente;Ceu Claro;Múltipla;Reta;Urbano;4;3
83498739;2016-09-12;Segunda;06:15:00;SP;116;228.0;SAO PAULO;Falta de atenção;Colisão lateral;Com Vítimas Feridas;Amanhecer;Crescente;Ceu Claro;Múltipla;Reta;Urbano;3;3
83498871;2016-09-13;Terça;08:20:00;SP;116;145.0;SAO JOSE DOS CAMPOS;Não guardar distância de segurança;Colisão lateral;Com Vítimas Feridas;Pleno dia;Crescente;Ceu Claro;Dupla;Reta;Rural;2;2
83498883;2016-09-11;Domingo;00:50:00;SP;116;223.0;GUARULHOS;Não guardar distância de segurança;Colisão traseira;Com Vítimas Feridas;Plena noite;Decrescente;Ceu Claro;Múltipla;Reta;Urbano;2;2
83498892;2016-09-15;Quinta;08:05:00;SP;116;208.0;GUARULHOS;Velocidade incompatível;Colisão traseira;Sem Vítimas;Pleno dia;Crescente;Ceu Claro;Múltipla;Reta;Urbano;2;2
83498901;2016-09-15;Quinta;13:30:00;SP;116;208.0;GUARULHOS;Não guardar distância de segurança;Colisão lateral;Sem Vítimas;Pleno dia;Crescente;Ceu Claro;Múltipla;Reta;Urbano;2;2
83498908;2016-09-16;Sexta;06:30:00;SP;116;210.0;GUARULHOS;Outras;Colisão com objeto fixo;Com Vítimas Feridas;Pleno dia;Decrescente;Nublado;Dupla;Cruzamento;Urbano;1;1
83498931;2016-09-16;Sexta;11:40:00;SP;116;229.0;SAO PAULO;Outras;Colisão traseira;Sem Vítimas;Pleno dia;Decrescente;Sol;Múltipla;Reta;Urbano;3;3
83499070;2016-09-14;Quarta;14:20:00;SP;116;133.3;CACAPAVA;Defeito mecânico em veículo;Colisão com objeto móvel;Sem Vítimas;Pleno dia;Crescente;Sol;Dupla;Reta;Urbano;2;2