id;data_inversa;dia_semana;horario;uf;br;km;municipio;causa_acidente;tipo_acidente;classificacao_acidente;fase_dia;sentido_via;condicao_metereologica;tipo_pista;tracado_via;uso_solo;pessoas;veiculos
83511950;2016-10-31;Segunda;04:40:00;SP;116;192.0;SANTA ISABEL;Outras;Atropelamento de pessoa;Com Vítimas Feridas;Plena noite;Decrescente;Ceu Claro;Dupla;Reta;Rural;2;1
83512020;2016-10-30;Domingo;12:37:00;SP;116;146.0;SAO JOSE DOS CAMPOS;Falta de atenção;Colisão traseira;Sem Vítimas;Pleno dia;Crescente;Sol;Múltipla;Reta;Urbano;4;4
83512033;2016-10-31;Segunda;13:00:00;SP;116;223.0;GUARULHOS;Outras;Queda de motocicleta / bicicleta / veículo;Com Vítimas Feridas;Pleno dia;Crescente;Ceu Claro;Múltipla;Reta;Urbano;1;1
83512060;2016-10-31;Segunda;14:00:00;SP;116;214.8;GUARULHOS;Outras;Queda de motocicleta / bicicleta / veículo;Com Vítimas Feridas;Pleno dia;Crescente;Ceu Claro;Múltipla;Reta;Urbano;2;2
83512084;2016-10-30;Domingo;12:35:00;SP;116;146.0;SAO JOSE DOS CAMPOS;Falta de atenção;Colisão traseira;Sem Vítimas;Pleno dia;Crescente;Sol;Múltipla;Reta;Urbano;2;2
83512088;2016-10-31;Segunda;18:00:00;SP;116;211.0;GUARULHOS;Falta de atenção;Colisão traseira;Com Vítimas Feridas;Pleno dia;Decrescente;Nublado;Múltipla;Reta;Urbano;4;2
83512142;2016-10-31;Segunda;22:20:00;SP;116;160.0;JACAREI;Animais na Pista;Saída de Pista;Sem Vítimas;Plena noite;Crescente;Ceu Claro;Dupla;Reta;Rural;1;1
83512157;2016-08-31;Quarta;18:00:00;SP;116;206.0;GUARULHOS;Falta de atenção;Colisão traseira;Sem Vítimas;Pleno dia;Crescente;Chuva;Simples;Reta;Urbano;3;3
83512160;2016-10-27;Quinta;10:10:00;SP;116;201.0;ARUJA;Outras;Colisão com objeto fixo;Sem Vítimas;Pleno dia;Decrescente;Nublado;Simples;Reta;Urbano;1;1
83512210;2016-10-28;Sexta;20:45:00;SP;116;227.0;GUARULHOS;Defeito mecânico em veículo;Queda de motocicleta / bicicleta / veículo;Com Vítimas Feridas;Plena noite;Crescente;Nublado;Múltipla;Reta;Urbano;1;1
83512222;2016-11-01;Terça;08:45:00;SP;116;218.0;GUARULHOS;Não guardar distância de segurança;Colisão lateral;Com Vítimas Feridas;Pleno dia;Crescente;Ceu Claro;Múltipla;Reta;Urbano;2;2
83512244;2016-10-28;Sexta;21:40:00;SP;116;229.0;SAO PAULO;Outras;Colisão traseira;Com Vítimas Feridas;Plena noite;Decrescente;Ceu Claro;Múltipla;Reta;Urbano;2;2
83512304;2016-11-01;Terça;10:03:00;SP;116;143.5;SAO JOSE DOS CAMPOS;Outras;Capotamento;Com Vítimas Feridas;Pleno dia;Crescente;Ceu Claro;Dupla;Reta;Urbano;1;1
83512325;2016-11-01;Terça;17:00:00;SP;116;201.0;ARUJA;Falta de atenção;Atropelamento de pessoa;Com Vítimas Feridas;Pleno dia;Crescente;Ceu Claro;Dupla;Reta;Rural;2;1
83512378;2016-11-01;Terça;21:00:00;SP;116;107.0;TAUBATE;Outras;Queda de motocicleta / bicicleta / veículo;Com Vítimas Feridas;Plena noite;Decrescente;Nublado;Dupla;Reta;Urbano;2;1
83512401;2016-10-28;Sexta;18:10:00;SP;116;158.3;JACAREI;Outras;Colisão traseira;Com Vítimas Feridas;Anoitecer;Decrescente;Ceu Claro;Múltipla;Reta;Urbano;7;4
83512420;2016-10-29;Sábado;22:00:00;SP;116;109.0;TAUBATE;Outras;Saída de Pista;Com Vítimas Feridas;Plena noite;Decrescente;Ceu Claro;Dupla;Reta;Urbano;1;1
83512472;2016-10-30;Domingo;06:50:00;SP;116;217.2;GUARULHOS;Velocidade incompatível;Colisão Transversal;Com Vítimas Feridas;Amanhecer;Decrescente;Nublado;Múltipla;Reta;Urbano;3;2
83512542;2016-11-02;Quarta;17:30:00;SP;116;224.0;GUARULHOS;Não guardar distância de segurança;Colisão lateral;Com Vítimas Feridas;Pleno dia;Decrescente;Ceu Claro;Múltipla;Reta;Urbano;2;2
83512661;2016-10-31;Segunda;00:45:00;SP;116;123.0;CACAPAVA;Outras;Colisão com objeto fixo;Com Vítimas Fatais;Plena noite;Crescente;Nublado;Dupla;Reta;Rural;1;1
83512717;2016-10-30;Domingo;11:50:00;SP;116;103.2;TAUBATE;Não guardar distância de segurança;Colisão traseira;Com Vítimas Feridas;Pleno dia;Decrescente;Ceu Claro;Dupla;Reta;Rural;5;4
83512721;2016-11-03;Quinta;14:35:00;SP;116;161.9;SAO JOSE DOS CAMPOS;Falta de atenção;Colisão traseira;Sem Vítimas;Pleno dia;Decrescente;Nublado;Dupla;Reta;Urbano;2;2
83512769;2016-11-03;Quinta;07:40:00;SP;116;218.5;GUARULHOS;Outras;Derramamento de Carga;Com Vítimas Feridas;Pleno dia;Crescente;Nublado;Múltipla;Curva;Urbano;3;3
83512800;2016-11-03;Quinta;19:30:00;SP;116;224.0;GUARULHOS;Velocidade incompatível;Colisão traseira;Com Vítimas Feridas;Plena noite;Decrescente;Chuva;Dupla;Reta;Urbano;2;2
83512806;2016-11-03;Quinta;16:10:00;SP;116;199.0;ARUJA;Outras;Saída de Pista;Sem Vítimas;Pleno dia;Decrescente;Chuva;Múltipla;Reta;Rural;1;1
83512815;2016-11-03;Quinta;21:30:00;SP;116;216.6;GUARULHOS;Defeito mecânico em veículo;Danos Eventuais;Sem Vítimas;Plena noite;Crescente;Chuva;Múltipla;Reta;Urbano;3;1
83512818;2016-11-03;Quinta;22:00:00;SP;116;227.0;GUARULHOS;Outras;Queda de motocicleta / bicicleta / veículo;Com Vítimas Feridas;Plena noite;Decrescente;Chuva;Múltipla;Reta;Urbano;2;1
83512865;2016-11-03;Quinta;18:10:00;SP;116;147.0;SAO JOSE DOS CAMPOS;Falta de atenção;Colisão lateral;Com Vítimas Feridas;Anoitecer;Decrescente;Chuva;Dupla;Reta;Urbano;2;2
83512881;2016-11-01;Terça;18:30:00;SP;116;147.0;SAO JOSE DOS CAMPOS;Não guardar distância de segurança;Colisão traseira;Sem Vítimas;Anoitecer;Decrescente;Chuva;Dupla;Reta;Rural;4;4
83512906;2016-10-31;Segunda;14:30:00;SP;116;136.0;SAO JOSE DOS CAMPOS;Falta de atenção;Colisão traseira;Sem Vítimas;Pleno dia;Crescente;Sol;Múltipla;Reta;Urbano;2;2
83513082;2016-11-05;Sábado;03:00:00;SP;116;229.0;SAO PAULO;Outras;Tombamento;Com Vítimas Feridas;Plena noite;Decrescente;Nublado;Múltipla;Reta;Urbano;1;1
83513131;2016-11-02;Quarta;04:30:00;SP;116;208.0;GUARULHOS;Ingestão de álcool;Queda de motocicleta / bicicleta / veículo;Com Vítimas Feridas;Plena noite;Crescente;Nublado;Dupla;Reta;Urbano;2;1
83513144;2016-11-04;Sexta;05:37:00;SP;116;225.0;GUARULHOS;Outras;Colisão com objeto fixo;Sem Vítimas;Amanhecer;Crescente;Ceu Claro;Múltipla;Reta;Urbano;1;1
83513170;2016-11-01;Terça;22:40:00;SP;116;154.8;SAO JOSE DOS CAMPOS;Outras;Atropelamento de pessoa;Com Vítimas Fatais;Plena noite;Crescente;Nublado;Múltipla;Reta;Urbano;3;1
83513179;2016-11-01;Terça;21:40:00;SP;116;156.7;SAO JOSE DOS CAMPOS;Outras;Atropelamento de pessoa;Com Vítimas Fatais;Plena noite;Decrescente;Ceu Claro;Dupla;Reta;Urbano;2;1
83513230;2016-11-05;Sábado;12:40:00;SP;116;219.0;GUARULHOS;Falta de atenção;Colisão traseira;Com Vítimas Feridas;Pleno dia;Crescente;Nublado;Múltipla;Reta;Urbano;2;2
83513296;2016-11-02;Quarta;03:00:00;SP;116;227.0;GUARULHOS;Outras;Queda de motocicleta / bicicleta / veículo;Com Vítimas Feridas;Plena noite;Crescente;Nublado;Múltipla;Reta;Urbano;3;2
83513309;2016-11-04;Sexta;21:00:00;SP;116;219.0;GUARULHOS;Outras;Colisão traseira;Com Vítimas Feridas;Plena noite;Crescente;Ceu Claro;Múltipla;Reta;Urbano;2;2
83513345;2016-11-05;Sábado;17:50:00;SP;116;139.0;SAO JOSE DOS CAMPOS;Falta de atenção;Colisão traseira;Com Vítimas Feridas;Pleno dia;Crescente;Nublado;Dupla;Reta;Urbano;5;2
83513511;2016-11-06;Domingo;16:30:00;SP;116;201.0;ARUJA;Ingestão de álcool;Colisão lateral;Sem Vítimas;Pleno dia;Crescente;Chuva;Dupla;Reta;Rural;2;2
83513519;2016-11-06;Domingo;17:20:00;SP;116;152.0;SAO JOSE DOS CAMPOS;Outras;Colisão lateral;Com Vítimas Feridas;Anoitecer;Decrescente;Nublado;Múltipla;Reta;Urbano;3;2
83513555;2016-10-28;Sexta;17:30:00;SP;116;210.0;GUARULHOS;Desobediência à sinalização;Colisão com bicicleta;Com Vítimas Feridas;Anoitecer;Decrescente;Ceu Claro;Múltipla;Reta;Urbano;2;2
83513671;2016-11-01;Terça;08:00:00;SP;116;223.0;GUARULHOS;Outras;Queda de motocicleta / bicicleta / veículo;Com Vítimas Feridas;Pleno dia;Crescente;Ceu Claro;Múltipla;Reta;Urbano;3;2
83513800;2016-11-07;Segunda;07:00:00;SP;116;146.0;SAO JOSE DOS CAMPOS;Falta de atenção;Colisão traseira;Com Vítimas Feridas;Pleno dia;Decrescente;Nublado;Simples;Reta;Urbano;4;4
83513910;2016-11-04;Sexta;21:00:00;SP;116;158.0;JACAREI;Outras;Derramamento de Carga;Sem Vítimas;Plena noite;Crescente;Nublado;Dupla;Reta;Urbano;1;1
83513941;2016-11-06;Domingo;17:40:00;SP;116;187.9;SANTA ISABEL;Outras;Saída de Pista;Com Vítimas Feridas;Pleno dia;Crescente;Chuva;Dupla;Curva;Rural;2;1
83513944;2016-11-01;Terça;23:30:00;SP;116;225.8;GUARULHOS;Não guardar distância de segurança;Colisão traseira;Com Vítimas Feridas;Plena noite;Crescente;Nublado;Múltipla;Reta;Urbano;2;2
83513962;2016-11-08;Terça;09:45:00;SP;116;229.0;SAO PAULO;Outras;Colisão traseira;Com Vítimas Feridas;Pleno dia;Crescente;Ceu Claro;Múltipla;Reta;Urbano;3;3
83513971;2016-11-08;Terça;09:00:00;SP;116;228.0;SAO PAULO;Outras;Colisão lateral;Com Vítimas Feridas;Pleno dia;Crescente;Ceu Claro;Múltipla;Reta;Urbano;2;2
83513976;2016-11-08;Terça;09:40:00;SP;116;227.0;GUARULHOS;Outras;Colisão lateral;Com Vítimas Feridas;Pleno dia;Crescente;Sol;Múltipla;Reta;Urbano;2;2
83514034;2016-11-08;Terça;15:00:00;SP;116;110.5;TAUBATE;Velocidade incompatível;Colisão lateral;Com Vítimas Feridas;Pleno dia;Crescente;Nublado;Dupla;Reta;Urbano;2;2
83514190;2016-11-08;Terça;14:20:00;SP;116;188.0;SANTA ISABEL;Não guardar distância de segurança;Colisão lateral;Com Vítimas Feridas;Pleno dia;Decrescente;Ceu Claro;Dupla;Reta;Rural;4;2
83514200;2016-11-08;Terça;15:10:00;SP;116;146.0;SAO JOSE DOS CAMPOS;Não guardar distância de segurança;Colisão traseira;Sem Vítimas;Pleno dia;Crescente;Sol;Dupla;Reta;Urbano;2;2
83514244;2016-11-04;Sexta;21:30:00;SP;116;106.0;TAUBATE;Outras;Capotamento;Com Vítimas Feridas;Plena noite;Crescente;Ceu Claro;Dupla;Reta;Rural;2;1
83514346;2016-11-05;Sábado;12:00:00;SP;116;227.4;SAO PAULO;Falta de atenção;Colisão traseira;Com Vítimas Feridas;Pleno dia;Decrescente;Ceu Claro;Múltipla;Reta;Urbano;2;2
83514356;2016-11-06;Domingo;05:00:00;SP;116;221.0;GUARULHOS;Outras;Colisão com objeto fixo;Sem Vítimas;Plena noite;Crescente;Nublado;Múltipla;Reta;Urbano;1;1
83514387;2016-11-09;Quarta;11:00:00;SP;116;205.0;ARUJA;Não guardar distância de segurança;Colisão traseira;Sem Vítimas;Pleno dia;Decrescente;Ceu Claro;Múltipla;Reta;Urbano;2;2
83514390;2016-11-09;Quarta;07:45:00;SP;116;227.0;GUARULHOS;Falta de atenção;Colisão lateral;Com Vítimas Feridas;Pleno dia;Decrescente;Ceu Claro;Múltipla;Reta;Urbano;3;3
83514400;2016-11-06;Domingo;06:45:00;SP;116;225.6;GUARULHOS;Dormindo;Colisão com objeto fixo;Sem Vítimas;Amanhecer;Crescente;Nublado;Múltipla;Curva;Urbano;1;1
83514439;2016-11-10;Quinta;03:30:00;SP;116;120.5;CACAPAVA;Outras;Capotamento;Ignorado;Plena noite;Decrescente;Ceu Claro;Dupla;Reta;Rural;1;1
83514450;2016-11-10;Quinta;05:15:00;SP;116;216.0;GUARULHOS;Velocidade incompatível;Colisão Transversal;Sem Vítimas;Amanhecer;Decrescente;Ignorada;Dupla;Reta;Urbano;2;2
83514472;2016-11-07;Segunda;01:15:00;SP;116;128.0;CACAPAVA;Defeito mecânico em veículo;Capotamento;Com Vítimas Feridas;Plena noite;Crescente;Ceu Claro;Dupla;Reta;Urbano;2;2
83514513;2016-11-06;Domingo;17:10:00;SP;116;128.7;CACAPAVA;Falta de atenção;Queda de motocicleta / bicicleta / veículo;Com Vítimas Feridas;Pleno dia;Crescente;Sol;Dupla;Reta;Urbano;1;1
83514559;2016-11-10;Quinta;09:18:00;SP;116;128.0;CACAPAVA;Falta de atenção;Colisão traseira;Sem Vítimas;Pleno dia;Crescente;Sol;Dupla;Reta;Urbano;2;2
83514585;2016-11-10;Quinta;07:50:00;SP;116;140.7;SAO JOSE DOS CAMPOS;Não guardar distância de segurança;Colisão traseira;Sem Vítimas;Pleno dia;Decrescente;Sol;Dupla;Reta;Urbano;5;5
83514619;2016-11-10;Quinta;07:30:00;SP;116;219.5;GUARULHOS;Não guardar distância de segurança;Colisão lateral;Com Vítimas Feridas;Pleno dia;Crescente;Sol;Múltipla;Reta;Urbano;5;3
83514704;2016-11-07;Segunda;17:30:00;SP;116;131.0;CACAPAVA;Dormindo;Colisão com objeto fixo;Sem Vítimas;Pleno dia;Decrescente;Sol;Dupla;Reta;Urbano;2;1
83514715;2016-11-11;Sexta;06:45:00;SP;116;174.0;GUARAREMA;Outras;Colisão lateral;Sem Vítimas;Amanhecer;Crescente;Ceu Claro;Dupla;Reta;Rural;2;2
83514731;2016-11-08;Terça;06:50:00;SP;116;116.0;TAUBATE;Outras;Colisão traseira;Com Vítimas Feridas;Pleno dia;Decrescente;Ceu Claro;Dupla;Reta;Urbano;4;3
83514840;2016-11-11;Sexta;16:00:00;SP;116;134.4;SAO JOSE DOS CAMPOS;Não guardar distância de segurança;Colisão traseira;Com Vítimas Feridas;Pleno dia;Decrescente;Sol;Dupla;Reta;Urbano;6;4
83514870;2016-11-11;Sexta;14:20:00;SP;116;227.7;SAO PAULO;Não guardar distância de segurança;Colisão traseira;Sem Vítimas;Pleno dia;Crescente;Ceu Claro;Dupla;Reta;Urbano;3;3
83514871;2016-11-11;Sexta;06:10:00;SP;116;218.0;GUARULHOS;Velocidade incompatível;Colisão traseira;Com Vítimas Feridas;Amanhecer;Crescente;Ceu Claro;Múltipla;Reta;Urbano;2;2
83514878;2016-11-11;Sexta;13:35:00;SP;116;226.9;GUARULHOS;Falta de atenção;Colisão traseira;Com Vítimas Feridas;Pleno dia;Crescente;Sol;Dupla;Curva;Urbano;2;2
83514951;2016-11-11;Sexta;18:40:00;SP;116;182.3;SANTA ISABEL;Outras;Queda de motocicleta / bicicleta / veículo;Com Vítimas Feridas;Pleno dia;Decrescente;Nublado;Múltipla;Reta;Rural;1;1
83515081;2016-10-31;Segunda;23:10:00;SP;116;126.0;CACAPAVA;Falta de atenção;Atropelamento de pessoa;Com Vítimas Fatais;Plena noite;Crescente;Ceu Claro;Simples;Reta;Rural;2;1
83515099;2016-11-12;Sábado;12:26:00;SP;116;137.4;SAO JOSE DOS CAMPOS;Não guardar distância de segurança;Colisão traseira;Com Vítimas Feridas;Pleno dia;Decrescente;Nublado;Simples;Reta;Urbano;3;2
83515121;2016-11-11;Sexta;16:20:00;SP;116;155.1;SAO JOSE DOS CAMPOS;Outras;Colisão lateral;Sem Vítimas;Pleno dia;Crescente;Ceu Claro;Múltipla;Reta;Urbano;3;3
83515233;2016-11-12;Sábado;07:00:00;SP;116;197.5;ARUJA;Outras;Colisão com objeto fixo;Sem Vítimas;Amanhecer;Crescente;Chuva;Dupla;Reta;Urbano;2;2
83515361;2016-11-11;Sexta;20:00:00;SP;116;126.0;CACAPAVA;Ingestão de álcool;Colisão com objeto fixo;Sem Vítimas;Plena noite;Crescente;Chuva;Dupla;Reta;Urbano;4;1
83515374;2016-11-13;Domingo;08:23:00;SP;116;135.0;SAO JOSE DOS CAMPOS;Não guardar distância de segurança;Colisão traseira;Com Vítimas Feridas;Pleno dia;Decrescente;Chuva;Dupla;Reta;Rural;5;4
83515376;2016-11-13;Domingo;10:30:00;SP;116;202.0;ARUJA;Falta de atenção;Colisão com objeto fixo;Sem Vítimas;Pleno dia;Crescente;Chuva;Dupla;Curva;Rural;1;1
83515380;2016-11-02;Quarta;05:00:00;SP;116;202.0;ARUJA;Outras;Colisão com bicicleta;Com Vítimas Feridas;Amanhecer;Decrescente;Ceu Claro;Dupla;Reta;Urbano;3;3
83515383;2016-11-08;Terça;18:33:00;SP;116;157.0;SAO JOSE DOS CAMPOS;Outras;Atropelamento de pessoa;Com Vítimas Feridas;Pleno dia;Crescente;Ceu Claro;Dupla;Reta;Rural;2;1
83515423;2016-11-13;Domingo;13:30:00;SP;116;211.0;GUARULHOS;Outras;Colisão com objeto fixo;Sem Vítimas;Pleno dia;Decrescente;Chuva;Dupla;Reta;Urbano;1;1
83515431;2016-11-13;Domingo;12:00:00;SP;116;158.8;JACAREI;Falta de atenção;Colisão com objeto móvel;Sem Vítimas;Pleno dia;Crescente;Chuva;Dupla;Reta;Urbano;1;1
83515677;2016-11-14;Segunda;09:10:00;SP;116;214.0;GUARULHOS;Defeito na via;Colisão com objeto fixo;Sem Vítimas;Pleno dia;Decrescente;Chuva;Dupla;Reta;Urbano;1;1
83515730;2016-11-12;Sábado;06:00:00;SP;116;223.0;GUARULHOS;Ingestão de álcool;Colisão traseira;Sem Vítimas;Amanhecer;Decrescente;Nublado;Dupla;Reta;Urbano;4;4
83515917;2016-11-11;Sexta;21:20:00;SP;116;125.4;CACAPAVA;Não guardar distância de segurança;Colisão traseira;Sem Vítimas;Plena noite;Decrescente;Nublado;Dupla;Reta;Rural;2;2
83515964;2016-11-15;Terça;07:05:00;SP;116;225.5;GUARULHOS;Falta de atenção;Colisão com objeto fixo;Sem Vítimas;Amanhecer;Decrescente;Ceu Claro;Dupla;Reta;Urbano;1;1
83516018;2016-11-13;Domingo;04:30:00;SP;116;104.1;TAUBATE;Falta de atenção;Capotamento;Sem Vítimas;Plena noite;Crescente;Chuva;Dupla;Reta;Rural;4;1
83516023;2016-11-11;Sexta;11:50:00;SP;116;213.8;GUARULHOS;Dormindo;Queda de motocicleta / bicicleta / veículo;Com Vítimas Feridas;Plena noite;Decrescente;Chuva;Múltipla;Reta;Urbano;1;1
83516037;2016-11-11;Sexta;07:15:00;SP;116;218.2;GUARULHOS;Falta de atenção;Colisão traseira;Com Vítimas Feridas;Amanhecer;Crescente;Sol;Múltipla;Reta;Urbano;2;2
83516038;2016-11-12;Sábado;07:00:00;SP;116;118.0;TAUBATE;Falta de atenção;Colisão traseira;Sem Vítimas;Pleno dia;Decrescente;Ceu Claro;Dupla;Reta;Rural;2;2
83516043;2016-11-12;Sábado;05:30:00;SP;116;204.0;ARUJA;Ingestão de álcool;Colisão traseira;Com Vítimas Feridas;Amanhecer;Decrescente;Ceu Claro;Dupla;Reta;Urbano;2;2
83516113;2016-11-13;Domingo;00:20:00;SP;116;223.2;GUARULHOS;Falta de atenção;Capotamento;Com Vítimas Feridas;Plena noite;Decrescente;Chuva;Múltipla;Reta;Urbano;2;1
83516159;2016-11-15;Terça;20:56:00;SP;116;143.8;SAO JOSE DOS CAMPOS;Falta de atenção;Colisão traseira;Sem Vítimas;Plena noite;Crescente;Nublado;Dupla;Reta;Urbano;3;3
83516210;2016-11-16;Quarta;01:40:00;SP;116;113.0;TAUBATE;Outras;Atropelamento de pessoa;Com Vítimas Feridas;Plena noite;Crescente;Nublado;Dupla;Reta;Urbano;2;1
83516308;2016-11-11;Sexta;19:09:00;SP;116;144.0;SAO JOSE DOS CAMPOS;Falta de atenção;Colisão traseira;Com Vítimas Feridas;Plena noite;Crescente;Chuva;Simples;Reta;Urbano;4;3
83516320;2016-10-07;Sexta;20:00:00;SP;116;228.0;SAO PAULO;Não guardar distância de segurança;Colisão traseira;Com Vítimas Feridas;Plena noite;Decrescente;Nublado;Simples;Reta;Urbano;2;2
83516389;2016-11-16;Quarta;14:10:00;SP;116;227.0;GUARULHOS;Falta de atenção;Colisão traseira;Com Vítimas Feridas;Pleno dia;Decrescente;Ceu Claro;Múltipla;Reta;Urbano;3;3
83516434;2016-11-16;Quarta;19:35:00;SP;116;214.0;GUARULHOS;Outras;Colisão traseira;Com Vítimas Feridas;Anoitecer;Crescente;Chuva;Dupla;Reta;Urbano;2;2
83516554;2016-11-14;Segunda;07:30:00;SP;116;173.8;JACAREI;Ingestão de álcool;Colisão lateral;Sem Vítimas;Pleno dia;Crescente;Chuva;Dupla;Reta;Urbano;2;2
83516575;2016-11-17;Quinta;08:25:00;SP;116;113.7;TAUBATE;Outras;Queda de motocicleta / bicicleta / veículo;Com Vítimas Feridas;Pleno dia;Crescente;Ceu Claro;Dupla;Reta;Urbano;2;1
83516606;2016-11-17;Quinta;11:30:00;SP;116;165.0;JACAREI;Falta de atenção;Colisão lateral;Com Vítimas Feridas;Pleno dia;Crescente;Sol;Múltipla;Reta;Urbano;3;3
83516635;2016-11-14;Segunda;00:50:00;SP;116;147.5;SAO JOSE DOS CAMPOS;Outras;Colisão com objeto fixo;Sem Vítimas;Plena noite;Crescente;Chuva;Múltipla;Reta;Urbano;1;1
83516637;2016-11-13;Domingo;13:00:00;SP;116;226.0;GUARULHOS;Outras;Colisão com objeto fixo;Sem Vítimas;Pleno dia;Decrescente;Chuva;Múltipla;Reta;Urbano;2;2
83516707;2016-11-17;Quinta;16:24:00;SP;116;135.9;SAO JOSE DOS CAMPOS;Outras;Queda de motocicleta / bicicleta / veículo;Com Vítimas Feridas;Pleno dia;Crescente;Ceu Claro;Dupla;Reta;Urbano;2;2
83516759;2016-11-17;Quinta;10:45:00;SP;116;224.0;GUARULHOS;Falta de atenção;Capotamento;Com Vítimas Feridas;Pleno dia;Decrescente;Ceu Claro;Múltipla;Reta;Urbano;4;3
83516852;2016-11-18;Sexta;08:30:00;SP;116;183.0;SANTA ISABEL;Outras;Saída de Pista;Com Vítimas Feridas;Pleno dia;Crescente;Nublado;Dupla;Reta;Rural;1;1
83516853;2016-11-16;Quarta;20:55:00;SP;116;227.0;GUARULHOS;Falta de atenção;Colisão com objeto fixo;Sem Vítimas;Plena noite;Crescente;Chuva;Simples;Reta;Urbano;1;1
83516859;2016-11-18;Sexta;10:50:00;SP;116;146.7;SAO JOSE DOS CAMPOS;Outras;Colisão lateral;Sem Vítimas;Pleno dia;Crescente;Ceu Claro;Dupla;Reta;Urbano;2;2
83516901;2016-11-16;Quarta;17:20:00;SP;116;156.6;SAO JOSE DOS CAMPOS;Outras;Colisão traseira;Sem Vítimas;Pleno dia;Decrescente;Ceu Claro;Dupla;Reta;Rural;3;3
83516907;2016-11-18;Sexta;15:15:00;SP;116;220.0;GUARULHOS;Outras;Colisão com objeto móvel;Com Vítimas Feridas;Pleno dia;Decrescente;Ceu Claro;Múltipla;Reta;Urbano;1;1
83516929;2016-11-15;Terça;21:15:00;SP;116;142.5;SAO JOSE DOS CAMPOS;Falta de atenção;Colisão traseira;Sem Vítimas;Plena noite;Crescente;Ceu Claro;Dupla;Reta;Urbano;5;5
83516934;2016-11-12;Sábado;21:55:00;SP;116;173.2;JACAREI;Defeito mecânico em veículo;Saída de Pista;Sem Vítimas;Plena noite;Decrescente;Ceu Claro;Dupla;Reta;Rural;1;1
83516952;2016-11-18;Sexta;16:30:00;SP;116;221.0;GUARULHOS;Não guardar distância de segurança;Colisão lateral;Com Vítimas Feridas;Pleno dia;Crescente;Nublado;Múltipla;Reta;Urbano;2;2
83516967;2016-11-18;Sexta;18:30:00;SP;116;225.0;GUARULHOS;Não guardar distância de segurança;Colisão traseira;Sem Vítimas;Pleno dia;Decrescente;Nublado;Múltipla;Reta;Urbano;2;2
83516982;2016-11-15;Terça;05:00:00;SP;116;223.0;SAO PAULO;Não guardar distância de segurança;Colisão traseira;Sem Vítimas;Amanhecer;Decrescente;Nublado;Múltipla;Reta;Urbano;2;2
83517108;2016-11-17;Quinta;00:15:00;SP;116;216.8;GUARULHOS;Falta de atenção;Colisão com objeto fixo;Sem Vítimas;Plena noite;Decrescente;Chuva;Múltipla;Reta;Urbano;1;1
83517115;2016-11-19;Sábado;11:30:00;SP;116;204.0;ARUJA;Outras;Colisão com objeto fixo;Sem Vítimas;Pleno dia;Crescente;Nublado;Dupla;Reta;Urbano;1;1
83517480;2016-11-20;Domingo;04:30:00;SP;116;195.4;ARUJA;Velocidade incompatível;Colisão traseira;Com Vítimas Fatais;Plena noite;Crescente;Nublado;Dupla;Reta;Urbano;8;2
83517545;2016-11-20;Domingo;16:00:00;SP;116;219.0;GUARULHOS;Falta de atenção;Colisão traseira;Com Vítimas Feridas;Pleno dia;Crescente;Ceu Claro;Dupla;Reta;Urbano;2;2
83517554;2016-11-20;Domingo;12:00:00;SP;116;191.0;SANTA ISABEL;Defeito mecânico em veículo;Capotamento;Sem Vítimas;Pleno dia;Crescente;Ceu Claro;Dupla;Curva;Rural;1;1
83517560;2016-11-17;Quinta;06:40:00;SP;116;213.0;GUARULHOS;Outras;Capotamento;Sem Vítimas;Pleno dia;Crescente;Ceu Claro;Múltipla;Reta;Urbano;1;1
83517653;2016-11-20;Domingo;20:50:00;SP;116;185.7;SANTA ISABEL;Falta de atenção;Capotamento;Com Vítimas Feridas;Plena noite;Crescente;Ceu Claro;Dupla;Reta;Rural;3;1
83517667;2016-11-17;Quinta;02:00:00;SP;116;167.0;JACAREI;Outras;Colisão lateral;Sem Vítimas;Plena noite;Decrescente;Chuva;Dupla;Reta;Rural;2;2
83517709;2016-11-17;Quinta;17:50:00;SP;116;196.0;ARUJA;Velocidade incompatível;Colisão traseira;Com Vítimas Feridas;Pleno dia;Decrescente;Nublado;Dupla;Reta;Rural;7;6
83517734;2016-11-17;Quinta;23:20:00;SP;116;144.4;SAO JOSE DOS CAMPOS;Outras;Colisão com objeto fixo;Com Vítimas Feridas;Plena noite;Decrescente;Nublado;Dupla;Reta;Urbano;1;1
83517965;2016-11-20;Domingo;20:32:00;SP;116;146.0;SAO JOSE DOS CAMPOS;Outras;Colisão lateral;Sem Vítimas;Plena noite;Crescente;Nublado;Dupla;Reta;Rural;2;2
83517977;2016-10-31;Segunda;07:47:00;SP;116;229.0;SAO PAULO;Outras;Colisão lateral;Com Vítimas Feridas;Pleno dia;Crescente;Ceu Claro;Múltipla;Reta;Urbano;2;2
83518125;2016-11-22;Terça;17:20:00;SP;116;134.2;SAO JOSE DOS CAMPOS;Falta de atenção;Colisão traseira;Sem Vítimas;Pleno dia;Crescente;Ceu Claro;Dupla;Reta;Rural;2;2
83518127;2016-11-22;Terça;17:15:00;SP;116;219.0;GUARULHOS;Falta de atenção;Colisão lateral;Sem Vítimas;Pleno dia;Crescente;Ceu Claro;Múltipla;Reta;Urbano;2;2