id;data_inversa;dia_semana;horario;uf;br;km;municipio;causa_acidente;tipo_acidente;classificacao_acidente;fase_dia;sentido_via;condicao_metereologica;tipo_pista;tracado_via;uso_solo;pessoas;veiculos
83523691;2016-12-10;Sábado;00:44:00;SP;116;215.5;GUARULHOS;Outras;Colisão traseira;Com Vítimas Feridas;Plena noite;Decrescente;Chuva;Dupla;Reta;Urbano;2;2
83523771;2016-12-10;Sábado;07:20:00;SP;116;153.3;SAO JOSE DOS CAMPOS;Defeito mecânico em veículo;Colisão traseira;Sem Vítimas;Amanhecer;Decrescente;Ceu Claro;Dupla;Reta;Urbano;2;2
83523796;2016-12-11;Domingo;22:00:00;SP;116;225.0;GUARULHOS;Defeito mecânico em veículo;Colisão traseira;Com Vítimas Feridas;Plena noite;Crescente;Nublado;Múltipla;Reta;Urbano;4;3
83523801;2016-12-13;Terça;14:00:00;SP;116;146.0;SAO JOSE DOS CAMPOS;Falta de atenção;Saída de Pista;Sem Vítimas;Pleno dia;Decrescente;Ceu Claro;Múltipla;Reta;Urbano;1;1
83523844;2016-12-13;Terça;15:50:00;SP;116;129.1;CACAPAVA;Outras;Colisão lateral;Com Vítimas Fatais;Pleno dia;Decrescente;Nublado;Dupla;Reta;Urbano;4;3
83523917;2016-12-13;Terça;10:00:00;SP;116;171.3;JACAREI;Outras;Colisão lateral;Com Vítimas Feridas;Pleno dia;Decrescente;Ceu Claro;Dupla;Reta;Rural;2;2
83523946;2016-12-09;Sexta;13:00:00;SP;116;208.0;GUARULHOS;Falta de atenção;Queda de motocicleta / bicicleta / veículo;Sem Vítimas;Pleno dia;Decrescente;Sol;Dupla;Reta;Urbano;1;1
83523971;2016-12-01;Quinta;16:20:00;SP;116;158.3;JACAREI;Velocidade incompatível;Colisão traseira;Sem Vítimas;Pleno dia;Crescente;Nublado;Dupla;Reta;Urbano;2;2
83523973;2016-12-14;Quarta;02:40:00;SP;116;146.2;SAO JOSE DOS CAMPOS;Dormindo;Colisão traseira;Com Vítimas Feridas;Plena noite;Decrescente;Ceu Claro;Dupla;Reta;Urbano;2;2
83524133;2016-12-08;Quinta;11:40:00;SP;116;229.0;SAO PAULO;Não guardar distância de segurança;Colisão traseira;Com Vítimas Feridas;Pleno dia;Crescente;Ceu Claro;Múltipla;Reta;Urbano;2;2
83524248;2016-12-14;Quarta;09:10:00;SP;116;158.0;SAO JOSE DOS CAMPOS;Outras;Colisão com objeto fixo;Sem Vítimas;Pleno dia;Crescente;Ceu Claro;Dupla;Reta;Rural;1;1
83524292;2016-12-04;Domingo;04:50:00;SP;116;216.0;GUARULHOS;Outras;Colisão traseira;Com Vítimas Feridas;Plena noite;Decrescente;Ceu Claro;Múltipla;Reta;Urbano;2;2
83524355;2016-12-15;Quinta;08:00:00;SP;116;226.9;GUARULHOS;Outras;Queda de motocicleta / bicicleta / veículo;Com Vítimas Feridas;Pleno dia;Crescente;Nublado;Dupla;Reta;Urbano;1;1
83524640;2016-12-13;Terça;02:00:00;SP;116;193.0;SANTA ISABEL;Dormindo;Colisão traseira;Com Vítimas Feridas;Plena noite;Decrescente;Ceu Claro;Dupla;Reta;Rural;2;2
83524646;2016-12-16;Sexta;08:30:00;SP;116;228.0;SAO PAULO;Falta de atenção;Colisão lateral;Com Vítimas Feridas;Pleno dia;Crescente;Nublado;Múltipla;Reta;Urbano;2;2
83524673;2016-12-16;Sexta;08:30:00;SP;116;227.0;SAO PAULO;Velocidade incompatível;Colisão traseira;Com Vítimas Feridas;Pleno dia;Crescente;Ceu Claro;Dupla;Reta;Urbano;2;2
83524756;2016-12-16;Sexta;15:00:00;SP;116;137.7;SAO JOSE DOS CAMPOS;Falta de atenção;Colisão traseira;Sem Vítimas;Pleno dia;Crescente;Ceu Claro;Dupla;Reta;Rural;3;3
83524931;2016-12-17;Sábado;12:30:00;SP;116;222.0;GUARULHOS;Não guardar distância de segurança;Colisão traseira;Sem Vítimas;Pleno dia;Crescente;Ceu Claro;Múltipla;Reta;Urbano;2;2
83524942;2016-12-17;Sábado;09:00:00;SP;116;170.0;JACAREI;Velocidade incompatível;Saída de Pista;Com Vítimas Fatais;Pleno dia;Decrescente;Ceu Claro;Dupla;Curva;Rural;3;2
83524998;2016-12-13;Terça;00:35:00;SP;116;100.0;PINDAMONHANGABA;Não guardar distância de segurança;Colisão traseira;Com Vítimas Feridas;Plena noite;Decrescente;Nublado;Dupla;Reta;Rural;3;2
83525038;2016-12-17;Sábado;14:30:00;SP;116;223.5;GUARULHOS;Falta de atenção;Colisão traseira;Sem Vítimas;Pleno dia;Decrescente;Sol;Múltipla;Reta;Urbano;6;3
83525057;2016-12-17;Sábado;20:30:00;SP;116;145.0;SAO JOSE DOS CAMPOS;Não guardar distância de segurança;Colisão traseira;Com Vítimas Feridas;Plena noite;Crescente;Nublado;Múltipla;Reta;Urbano;3;2
83525064;2016-12-17;Sábado;22:25:00;SP;116;125.3;CACAPAVA;Falta de atenção;Capotamento;Com Vítimas Feridas;Plena noite;Decrescente;Ceu Claro;Dupla;Reta;Urbano;1;1
83525066;2016-12-17;Sábado;19:30:00;SP;116;207.0;GUARULHOS;Falta de atenção;Colisão traseira;Sem Vítimas;Plena noite;Crescente;Ceu Claro;Dupla;Reta;Urbano;3;3
83525079;2016-12-17;Sábado;08:30:00;SP;116;169.7;JACAREI;Outras;Colisão com bicicleta;Com Vítimas Fatais;Pleno dia;Decrescente;Ceu Claro;Dupla;Reta;Rural;2;2
83525146;2016-12-18;Domingo;01:00:00;SP;116;162.4;JACAREI;Falta de atenção;Colisão com objeto fixo;Sem Vítimas;Plena noite;Crescente;Ceu Claro;Dupla;Reta;Rural;1;1
83525262;2016-12-15;Quinta;03:30:00;SP;116;183.0;SANTA ISABEL;Falta de atenção;Colisão traseira;Com Vítimas Feridas;Plena noite;Crescente;Ceu Claro;Dupla;Reta;Rural;4;2
83525363;2016-12-18;Domingo;17:50:00;SP;116;157.0;SAO JOSE DOS CAMPOS;Defeito mecânico em veículo;Incêndio;Sem Vítimas;Pleno dia;Decrescente;Chuva;Dupla;Reta;Urbano;3;1
83525370;2016-12-18;Domingo;18:50:00;SP;116;220.7;GUARULHOS;Outras;Queda de motocicleta / bicicleta / veículo;Com Vítimas Feridas;Anoitecer;Crescente;Chuva;Múltipla;Reta;Urbano;2;1
83525373;2016-12-18;Domingo;18:20:00;SP;116;219.0;GUARULHOS;Não guardar distância de segurança;Colisão traseira;Com Vítimas Feridas;Anoitecer;Crescente;Chuva;Múltipla;Reta;Urbano;7;2
83525386;2016-12-18;Domingo;11:10:00;SP;116;228.0;SAO PAULO;Falta de atenção;Colisão traseira;Sem Vítimas;Plena noite;Decrescente;Nublado;Múltipla;Reta;Urbano;2;2
83525432;2016-12-11;Domingo;15:45:00;SP;116;219.0;GUARULHOS;Outras;Saída de Pista;Sem Vítimas;Pleno dia;Decrescente;Chuva;Múltipla;Reta;Urbano;1;1
83525455;2016-12-11;Domingo;19:15:00;SP;116;133.3;CACAPAVA;Outras;Saída de Pista;Com Vítimas Feridas;Anoitecer;Decrescente;Chuva;Dupla;Reta;Rural;2;1
83525476;2016-12-19;Segunda;07:55:00;SP;116;229.5;SAO PAULO;Velocidade incompatível;Colisão Transversal;Com Vítimas Feridas;Pleno dia;Crescente;Sol;Múltipla;Reta;Urbano;3;2
83525496;2016-12-15;Quinta;05:50:00;SP;116;211.0;GUARULHOS;Outras;Colisão traseira;Com Vítimas Feridas;Amanhecer;Decrescente;Ceu Claro;Múltipla;Reta;Urbano;2;2
83525517;2016-12-19;Segunda;00:50:00;SP;116;226.0;GUARULHOS;Falta de atenção;Capotamento;Com Vítimas Feridas;Plena noite;Decrescente;Ceu Claro;Múltipla;Reta;Urbano;1;1
83525522;2016-12-18;Domingo;19:50:00;SP;116;219.0;GUARULHOS;Falta de atenção;Colisão traseira;Com Vítimas Feridas;Anoitecer;Crescente;Nublado;Múltipla;Reta;Urbano;6;5
83525710;2016-12-17;Sábado;17:37:00;SP;116;217.6;GUARULHOS;Ingestão de álcool;Colisão com objeto fixo;Sem Vítimas;Pleno dia;Crescente;Ceu Claro;Dupla;Reta;Urbano;1;1
83525714;2016-12-16;Sexta;19:00:00;SP;116;142.8;SAO JOSE DOS CAMPOS;Falta de atenção;Colisão traseira;Sem Vítimas;Pleno dia;Decrescente;Ceu Claro;Dupla;Reta;Urbano;7;7
83525721;2016-12-17;Sábado;15:41:00;SP;116;225.8;GUARULHOS;Outras;Colisão traseira;Com Vítimas Feridas;Pleno dia;Decrescente;Ceu Claro;Dupla;Reta;Urbano;3;2
83525727;2016-12-17;Sábado;01:00:00;SP;116;158.0;JACAREI;Outras;Queda de motocicleta / bicicleta / veículo;Com Vítimas Feridas;Plena noite;Crescente;Ceu Claro;Dupla;Curva;Rural;1;1
83525732;2016-12-16;Sexta;18:45:00;SP;116;142.5;SAO JOSE DOS CAMPOS;Falta de atenção;Colisão traseira;Sem Vítimas;Anoitecer;Decrescente;Ceu Claro;Dupla;Reta;Urbano;3;3
83525738;2016-12-17;Sábado;00:05:00;SP;116;179.5;GUARAREMA;Animais na Pista;Queda de motocicleta / bicicleta / veículo;Com Vítimas Feridas;Plena noite;Decrescente;Ceu Claro;Dupla;Reta;Rural;1;1
83525759;2016-12-16;Sexta;17:15:00;SP;116;117.0;TAUBATE;Não guardar distância de segurança;Colisão traseira;Sem Vítimas;Pleno dia;Decrescente;Ceu Claro;Dupla;Reta;Urbano;2;2
83525773;2016-12-20;Terça;11:00:00;SP;116;209.0;GUARULHOS;Dormindo;Colisão com objeto fixo;Sem Vítimas;Pleno dia;Crescente;Ceu Claro;Dupla;Reta;Urbano;1;1
83525815;2016-12-16;Sexta;02:00:00;SP;116;222.0;GUARULHOS;Falta de atenção;Colisão com objeto fixo;Com Vítimas Feridas;Plena noite;Decrescente;Nublado;Múltipla;Reta;Urbano;1;1
83525835;2016-12-13;Terça;02:20:00;SP;116;225.0;GUARULHOS;Outras;Colisão com objeto fixo;Sem Vítimas;Plena noite;Decrescente;Nublado;Múltipla;Reta;Urbano;2;2
83525864;2016-12-20;Terça;14:00:00;SP;116;99.0;PINDAMONHANGABA;Outras;Tombamento;Com Vítimas Feridas;Pleno dia;Crescente;Sol;Dupla;Curva;Urbano;1;1
83525936;2016-12-16;Sexta;22:56:00;SP;116;222.0;GUARULHOS;Não guardar distância de segurança;Colisão lateral;Com Vítimas Feridas;Plena noite;Decrescente;Nublado;Múltipla;Reta;Urbano;2;2
83525945;2016-12-16;Sexta;20:00:00;SP;116;150.5;SAO JOSE DOS CAMPOS;Falta de atenção;Colisão traseira;Com Vítimas Feridas;Plena noite;Decrescente;Ceu Claro;Simples;Reta;Urbano;3;3
83525953;2016-12-20;Terça;21:15:00;SP;116;179.0;GUARAREMA;Falta de atenção;Colisão com bicicleta;Com Vítimas Feridas;Plena noite;Decrescente;Ceu Claro;Múltipla;Reta;Rural;2;2
83525960;2016-12-20;Terça;18:20:00;SP;116;154.0;SAO JOSE DOS CAMPOS;Outras;Colisão lateral;Sem Vítimas;Pleno dia;Crescente;Ceu Claro;Dupla;Reta;Urbano;2;2
83526025;2016-12-18;Domingo;04:40:00;SP;116;217.5;GUARULHOS;Falta de atenção;Saída de Pista;Com Vítimas Feridas;Amanhecer;Crescente;Nublado;Múltipla;Reta;Urbano;1;1
83526102;2016-12-21;Quarta;08:59:00;SP;116;147.9;SAO JOSE DOS CAMPOS;Outras;Colisão com objeto móvel;Com Vítimas Feridas;Pleno dia;Crescente;Sol;Dupla;Curva;Urbano;2;2
83526199;2016-12-18;Domingo;05:30:00;SP;116;225.0;GUARULHOS;Falta de atenção;Colisão traseira;Com Vítimas Feridas;Amanhecer;Crescente;Ceu Claro;Múltipla;Reta;Urbano;2;2
83526200;2016-12-21;Quarta;14:20:00;SP;116;219.0;GUARULHOS;Outras;Colisão lateral;Com Vítimas Feridas;Pleno dia;Crescente;Sol;Dupla;Reta;Urbano;4;2
83526202;2016-12-21;Quarta;20:00:00;SP;116;226.0;GUARULHOS;Não guardar distância de segurança;Colisão traseira;Com Vítimas Feridas;Plena noite;Decrescente;Nublado;Múltipla;Reta;Urbano;2;2
83526270;2016-12-22;Quinta;00:11:00;SP;116;147.5;SAO JOSE DOS CAMPOS;Dormindo;Colisão com objeto fixo;Sem Vítimas;Plena noite;Crescente;Ceu Claro;Dupla;Curva;Urbano;1;1
83526274;2016-12-18;Domingo;19:25:00;SP;116;165.0;JACAREI;Outras;Colisão traseira;Sem Vítimas;Pleno dia;Decrescente;Nublado;Dupla;Reta;Rural;2;2
83526321;2016-12-19;Segunda;11:40:00;SP;116;100.0;PINDAMONHANGABA;Falta de atenção;Colisão lateral;Com Vítimas Feridas;Pleno dia;Crescente;Ceu Claro;Dupla;Reta;Urbano;2;2
83526381;2016-12-22;Quinta;09:00:00;SP;116;219.0;GUARULHOS;Não guardar distância de segurança;Colisão traseira;Com Vítimas Feridas;Pleno dia;Crescente;Nublado;Simples;Reta;Urbano;2;2
83526391;2016-12-19;Segunda;05:45:00;SP;116;207.0;GUARULHOS;Outras;Saída de Pista;Sem Vítimas;Pleno dia;Crescente;Nublado;Simples;Reta;Urbano;1;1
83526394;2016-12-19;Segunda;07:00:00;SP;116;215.8;GUARULHOS;Falta de atenção;Colisão traseira;Com Vítimas Feridas;Pleno dia;Crescente;Nublado;Simples;Reta;Urbano;2;2
83526400;2016-12-18;Domingo;18:15:00;SP;116;191.0;SANTA ISABEL;Falta de atenção;Saída de Pista;Com Vítimas Feridas;Pleno dia;Decrescente;Chuva;Dupla;Curva;Rural;4;1
83526471;2016-12-22;Quinta;12:45:00;SP;116;227.0;SAO PAULO;Defeito mecânico em veículo;Colisão traseira;Com Vítimas Feridas;Pleno dia;Crescente;Ceu Claro;Múltipla;Reta;Urbano;2;2
83526473;2016-12-22;Quinta;13:26:00;SP;116;201.0;ARUJA;Defeito mecânico em veículo;Queda de motocicleta / bicicleta / veículo;Com Vítimas Feridas;Pleno dia;Crescente;Sol;Dupla;Curva;Urbano;2;1
83526482;2016-12-19;Segunda;12:20:00;SP;116;140.2;SAO JOSE DOS CAMPOS;Outras;Atropelamento de pessoa;Com Vítimas Fatais;Pleno dia;Decrescente;Sol;Dupla;Reta;Urbano;2;1
83526495;2016-12-22;Quinta;12:50:00;SP;116;221.0;GUARULHOS;Não guardar distância de segurança;Colisão traseira;Com Vítimas Feridas;Pleno dia;Crescente;Sol;Múltipla;Reta;Urbano;3;2
83526500;2016-12-22;Quinta;08:10:00;SP;116;223.0;GUARULHOS;Falta de atenção;Colisão com objeto fixo;Sem Vítimas;Pleno dia;Crescente;Ceu Claro;Múltipla;Reta;Urbano;1;1
83526504;2016-12-18;Domingo;18:00:00;SP;116;219.0;GUARULHOS;Falta de atenção;Colisão lateral;Sem Vítimas;Anoitecer;Crescente;Nublado;Simples;Reta;Urbano;3;3
83526588;2016-12-22;Quinta;19:30:00;SP;116;211.7;GUARULHOS;Outras;Colisão lateral;Sem Vítimas;Anoitecer;Crescente;Ceu Claro;Múltipla;Reta;Urbano;2;2
83526597;2016-12-22;Quinta;17:25:00;SP;116;146.0;SAO JOSE DOS CAMPOS;Não guardar distância de segurança;Colisão traseira;Sem Vítimas;Pleno dia;Crescente;Nublado;Dupla;Reta;Urbano;3;3
83526692;2016-12-21;Quarta;08:43:00;SP;116;228.0;SAO PAULO;Falta de atenção;Atropelamento de pessoa;Com Vítimas Feridas;Amanhecer;Decrescente;Ceu Claro;Dupla;Reta;Urbano;2;1
83526719;2016-12-23;Sexta;08:30:00;SP;116;113.0;TAUBATE;Não guardar distância de segurança;Colisão traseira;Com Vítimas Feridas;Pleno dia;Decrescente;Sol;Dupla;Reta;Urbano;6;5
83526721;2016-12-19;Segunda;13:30:00;SP;116;225.0;GUARULHOS;Não guardar distância de segurança;Queda de motocicleta / bicicleta / veículo;Com Vítimas Feridas;Pleno dia;Decrescente;Nublado;Dupla;Reta;Urbano;1;1
83526749;2016-12-19;Segunda;08:45:00;SP;116;217.1;GUARULHOS;Outras;Colisão lateral;Com Vítimas Feridas;Pleno dia;Decrescente;Ceu Claro;Múltipla;Reta;Urbano;2;2
83526759;2016-12-21;Quarta;22:40:00;SP;116;186.0;SANTA ISABEL;Falta de atenção;Colisão traseira;Com Vítimas Feridas;Plena noite;Decrescente;Nublado;Dupla;Curva;Rural;5;2
83526817;2016-12-23;Sexta;15:00:00;SP;116;123.6;CACAPAVA;Outras;Queda de motocicleta / bicicleta / veículo;Com Vítimas Feridas;Pleno dia;Decrescente;Ceu Claro;Dupla;Reta;Urbano;1;1
83526838;2016-12-23;Sexta;15:38:00;SP;116;143.2;SAO JOSE DOS CAMPOS;Não guardar distância de segurança;Colisão lateral;Com Vítimas Feridas;Pleno dia;Decrescente;Nublado;Dupla;Reta;Urbano;2;2
83527003;2016-12-21;Quarta;03:00:00;SP;116;225.0;GUARULHOS;Outras;Colisão com objeto fixo;Sem Vítimas;Plena noite;Decrescente;Ignorada;Múltipla;Reta;Urbano;2;2
83527037;2016-12-21;Quarta;01:00:00;SP;116;123.2;CACAPAVA;Falta de atenção;Colisão traseira;Com Vítimas Feridas;Plena noite;Crescente;Nublado;Dupla;Reta;Rural;2;2
83527127;2016-12-20;Terça;18:40:00;SP;116;154.3;SAO JOSE DOS CAMPOS;Falta de atenção;Colisão traseira;Com Vítimas Feridas;Anoitecer;Crescente;Ceu Claro;Simples;Reta;Urbano;2;2
83527154;2016-12-21;Quarta;18:30:00;SP;116;157.0;SAO JOSE DOS CAMPOS;Ingestão de álcool;Atropelamento de pessoa;Com Vítimas Feridas;Pleno dia;Decrescente;Ceu Claro;Múltipla;Reta;Urbano;2;1
83527165;2016-12-24;Sábado;13:12:00;SP;116;100.7;PINDAMONHANGABA;Outras;Capotamento;Com Vítimas Feridas;Pleno dia;Crescente;Ceu Claro;Dupla;Reta;Rural;4;1
83527176;2016-12-22;Quinta;17:30:00;SP;116;145.0;SAO JOSE DOS CAMPOS;Falta de atenção;Colisão lateral;Com Vítimas Feridas;Pleno dia;Decrescente;Sol;Dupla;Reta;Urbano;2;2
83527212;2016-12-20;Terça;22:30:00;SP;116;227.0;GUARULHOS;Velocidade incompatível;Colisão com objeto fixo;Com Vítimas Feridas;Plena noite;Crescente;Nublado;Múltipla;Reta;Urbano;2;1
83527300;2016-12-24;Sábado;15:45:00;SP;116;182.0;SANTA ISABEL;Outras;Colisão traseira;Sem Vítimas;Pleno dia;Decrescente;Sol;Dupla;Reta;Rural;2;2
83527305;2016-12-25;Domingo;00:01:00;SP;116;216.0;GUARULHOS;Ingestão de álcool;Capotamento;Ignorado;Plena noite;Crescente;Ceu Claro;Múltipla;Reta;Urbano;1;1
83527362;2016-12-23;Sexta;05:59:00;SP;116;134.2;CACAPAVA;Outras;Colisão traseira;Com Vítimas Feridas;Amanhecer;Decrescente;Ceu Claro;Dupla;Reta;Rural;2;2
83527386;2016-12-23;Sexta;00:10:00;SP;116;142.0;SAO JOSE DOS CAMPOS;Falta de atenção;Queda de motocicleta / bicicleta / veículo;Com Vítimas Feridas;Plena noite;Crescente;Ceu Claro;Dupla;Reta;Urbano;1;1
83527444;2016-10-26;Quarta;03:50:00;SP;116;162.0;JACAREI;Dormindo;Saída de Pista;Sem Vítimas;Plena noite;Decrescente;Ceu Claro;Dupla;Reta;Rural;1;1
83527490;2016-12-22;Quinta;17:00:00;SP;116;193.0;SANTA ISABEL;Defeito mecânico em veículo;Colisão com objeto móvel;Sem Vítimas;Pleno dia;Crescente;Ceu Claro;Dupla;Reta;Rural;2;2
83527519;2016-12-23;Sexta;04:10:00;SP;116;110.3;TAUBATE;Outras;Colisão com objeto fixo;Sem Vítimas;Plena noite;Crescente;Nublado;Dupla;Reta;Urbano;2;2
83527530;2016-12-23;Sexta;08:15:00;SP;116;151.8;SAO JOSE DOS CAMPOS;Falta de atenção;Tombamento;Com Vítimas Feridas;Pleno dia;Decrescente;Sol;Dupla;Reta;Urbano;1;1
83527547;2016-12-25;Domingo;17:40:00;SP;116;222.0;GUARULHOS;Velocidade incompatível;Colisão com objeto fixo;Com Vítimas Feridas;Pleno dia;Crescente;Ceu Claro;Múltipla;Reta;Urbano;3;1
83527717;2016-12-25;Domingo;04:30:00;SP;116;124.3;CACAPAVA;Ingestão de álcool;Colisão traseira;Com Vítimas Fatais;Amanhecer;Decrescente;Ceu Claro;Dupla;Reta;Rural;4;2
83527770;2016-12-21;Quarta;18:40:00;SP;116;150.0;SAO JOSE DOS CAMPOS;Ultrapassagem indevida;Colisão lateral;Com Vítimas Feridas;Pleno dia;Crescente;Ceu Claro;Dupla;Reta;Urbano;2;2
83527775;2016-12-26;Segunda;10:44:00;SP;116;220.0;GUARULHOS;Falta de atenção;Colisão traseira;Com Vítimas Feridas;Pleno dia;Crescente;Sol;Múltipla;Reta;Urbano;3;2
83527796;2016-12-23;Sexta;07:45:00;SP;116;151.3;SAO JOSE DOS CAMPOS;Outras;Saída de Pista;Sem Vítimas;Pleno dia;Decrescente;Ceu Claro;Dupla;Reta;Rural;1;1
83527806;2016-12-26;Segunda;17:00:00;SP;116;219.0;GUARULHOS;Não guardar distância de segurança;Colisão traseira;Sem Vítimas;Pleno dia;Crescente;Ceu Claro;Múltipla;Reta;Urbano;2;2
83528019;2016-12-15;Quinta;00:10:00;SP;116;139.0;SAO JOSE DOS CAMPOS;Defeito mecânico em veículo;Queda de motocicleta / bicicleta / veículo;Com Vítimas Feridas;Amanhecer;Decrescente;Ceu Claro;Simples;Reta;Rural;1;1
83528194;2016-12-15;Quinta;10:30:00;SP;116;222.2;GUARULHOS;Falta de atenção;Colisão traseira;Com Vítimas Feridas;Pleno dia;Decrescente;Ceu Claro;Múltipla;Reta;Urbano;3;3
83528213;2016-12-23;Sexta;19:00:00;SP;116;212.0;GUARULHOS;Falta de atenção;Colisão lateral;Com Vítimas Feridas;Anoitecer;Decrescente;Chuva;Múltipla;Reta;Urbano;2;2
83528215;2016-12-23;Sexta;15:00:00;SP;116;210.0;GUARULHOS;Falta de atenção;Colisão lateral;Com Vítimas Feridas;Pleno dia;Decrescente;Nublado;Simples;Reta;Urbano;3;2
83528220;2016-12-23;Sexta;21:00:00;SP;116;222.3;GUARULHOS;Outras;Colisão traseira;Sem Vítimas;Plena noite;Decrescente;Nublado;Múltipla;Reta;Urbano;3;3
83528234;2016-12-23;Sexta;18:00:00;SP;116;212.0;GUARULHOS;Não guardar distância de segurança;Colisão traseira;Sem Vítimas;Pleno dia;Crescente;Chuva;Múltipla;Reta;Urbano;2;2
83528292;2016-12-23;Sexta;17:30:00;SP;116;148.0;SAO JOSE DOS CAMPOS;Outras;Colisão traseira;Com Vítimas Feridas;Pleno dia;Crescente;Ceu Claro;Dupla;Reta;Urbano;3;2
83528306;2016-12-24;Sábado;17:30:00;SP;116;200.0;ARUJA;Defeito mecânico em veículo;Queda de motocicleta / bicicleta / veículo;Com Vítimas Feridas;Pleno dia;Decrescente;Nublado;Dupla;Reta;Urbano;1;1
83528324;2016-12-25;Domingo;18:58:00;SP;116;179.0;GUARAREMA;Falta de atenção;Colisão lateral;Sem Vítimas;Pleno dia;Crescente;Ceu Claro;Dupla;Reta;Rural;2;2
83528527;2016-12-28;Quarta;12:00:00;SP;116;149.7;SAO JOSE DOS CAMPOS;Defeito mecânico em veículo;Queda de motocicleta / bicicleta / veículo;Com Vítimas Feridas;Pleno dia;Crescente;Ceu Claro;Dupla;Reta;Urbano;1;1
83528531;2016-12-28;Quarta;17:40:00;SP;116;227.0;SAO PAULO;Velocidade incompatível;Colisão com objeto fixo;Sem Vítimas;Pleno dia;Decrescente;Sol;Múltipla;Reta;Urbano;1;1
83528557;2016-12-28;Quarta;19:00:00;SP;116;175.2;JACAREI;Velocidade incompatível;Colisão com objeto fixo;Com Vítimas Fatais;Pleno dia;Decrescente;Chuva;Dupla;Reta;Rural;1;1
83528576;2016-12-28;Quarta;15:00:00;SP;116;156.0;SAO JOSE DOS CAMPOS;Dormindo;Saída de Pista;Sem Vítimas;Pleno dia;Crescente;Sol;Múltipla;Reta;Urbano;1;1
83528677;2016-12-29;Quinta;11:00:00;SP;116;161.8;JACAREI;Falta de atenção;Tombamento;Sem Vítimas;Pleno dia;Crescente;Ceu Claro;Dupla;Curva;Urbano;1;1
83528701;2016-12-27;Terça;14:40:00;SP;116;198.0;ARUJA;Não guardar distância de segurança;Colisão traseira;Com Vítimas Feridas;Pleno dia;Crescente;Ceu Claro;Dupla;Reta;Urbano;4;2
83528794;2016-12-29;Quinta;10:10:00;SP;116;166.0;JACAREI;Defeito mecânico em veículo;Colisão traseira;Sem Vítimas;Pleno dia;Decrescente;Ceu Claro;Dupla;Reta;Urbano;3;3
83528980;2016-12-30;Sexta;11:30:00;SP;116;116.6;TAUBATE;Falta de atenção;Colisão traseira;Sem Vítimas;Pleno dia;Decrescente;Ceu Claro;Dupla;Reta;Urbano;2;2
83529105;2016-12-28;Quarta;16:00:00;SP;116;154.0;SAO JOSE DOS CAMPOS;Defeito mecânico em veículo;Queda de motocicleta / bicicleta / veículo;Com Vítimas Feridas;Pleno dia;Decrescente;Ceu Claro;Dupla;Reta;Urbano;2;1
83529119;2016-12-30;Sexta;14:30:00;SP;116;150.0;SAO JOSE DOS CAMPOS;Outras;Queda de motocicleta / bicicleta / veículo;Com Vítimas Feridas;Pleno dia;Decrescente;Chuva;Dupla;Reta;Urbano;1;1
83529187;2016-12-28;Quarta;20:30:00;SP;116;105.8;TAUBATE;Outras;Atropelamento de pessoa;Com Vítimas Fatais;Anoitecer;Decrescente;Ceu Claro;Dupla;Reta;Urbano;2;1
83529196;2016-12-23;Sexta;23:00:00;SP;116;198.6;ARUJA;Ingestão de álcool;Colisão Transversal;Com Vítimas Feridas;Plena noite;Crescente;Chuva;Múltipla;Curva;Urbano;2;2
83529197;2016-12-31;Sábado;01:40:00;SP;116;146.0;SAO JOSE DOS CAMPOS;Falta de atenção;Colisão traseira;Com Vítimas Feridas;Plena noite;Crescente;Nublado;Dupla;Reta;Urbano;3;3
83529284;2016-12-29;Quinta;23:45:00;SP;116;169.0;JACAREI;Falta de atenção;Colisão traseira;Com Vítimas Fatais;Plena noite;Decrescente;Ceu Claro;Dupla;Reta;Rural;27;2
83529314;2016-12-31;Sábado;15:15:00;SP;116;150.0;SAO JOSE DOS CAMPOS;Falta de atenção;Colisão com objeto fixo;Com Vítimas Feridas;Pleno dia;Decrescente;Chuva;Múltipla;Reta;Urbano;3;3
83529323;2016-12-29;Quinta;23:15:00;SP;116;225.0;GUARULHOS;Defeito mecânico em veículo;Incêndio;Sem Vítimas;Plena noite;Decrescente;Ceu Claro;Múltipla;Reta;Urbano;1;1
83529403;2016-12-29;Quinta;18:35:00;SP;116;226.2;GUARULHOS;Não guardar distância de segurança;Colisão lateral;Com Vítimas Feridas;Anoitecer;Decrescente;Nublado;Múltipla;Reta;Urbano;3;2
83529494;2016-12-29;Quinta;10:20:00;SP;116;204.0;ARUJA;Outras;Colisão com objeto fixo;Ignorado;Pleno dia;Decrescente;Sol;Múltipla;Reta;Urbano;1;1
83529498;2016-12-30;Sexta;22:40:00;SP;116;219.0;GUARULHOS;Não guardar distância de segurança;Colisão lateral;Com Vítimas Feridas;Plena noite;Crescente;Chuva;Simples;Reta;Urbano;2;2
83529573;2016-12-30;Sexta;11:00:00;SP;116;145.9;SAO JOSE DOS CAMPOS;Falta de atenção;Colisão traseira;Sem Vítimas;Pleno dia;Crescente;Ceu Claro;Dupla;Reta;Urbano;5;5
83529703;2016-12-01;Quinta;12:40:00;SP;116;132.9;CACAPAVA;Outras;Colisão traseira;Sem Vítimas;Pleno dia;Crescente;Nublado;Dupla;Reta;Rural;5;5